2026-06-17 23:19:08.213 [AWT-EventQueue-0] INFO  c.h.controlcenter.config.ConfigStore - No config.json found; using defaults
2026-06-17 23:19:08.722 [hcc-io] INFO  c.h.c.services.HealthCheckService - snapshot: probing all services
2026-06-17 23:19:08.727 [hcc-io] INFO  c.h.c.infrastructure.CommandExecutor - exec: List tmux sessions
2026-06-17 23:19:08.854 [hcc-io] INFO  c.h.c.infrastructure.CommandExecutor -   exit: 1 (45 bytes)
2026-06-17 23:19:08.859 [hcc-io] INFO  c.h.c.infrastructure.CommandExecutor - exec: List tmux sessions
2026-06-17 23:19:08.961 [hcc-io] INFO  c.h.c.infrastructure.CommandExecutor -   exit: 1 (45 bytes)
2026-06-17 23:19:08.966 [hcc-io] INFO  c.h.c.infrastructure.CommandExecutor - exec: Start Hermes stack (hermes-start.sh)
2026-06-17 23:20:58.367 [AWT-EventQueue-0] INFO  c.h.controlcenter.config.ConfigStore - No config.json found; using defaults
2026-06-17 23:20:58.943 [hcc-io] INFO  c.h.c.services.HealthCheckService - snapshot: probing all services
2026-06-17 23:20:58.944 [hcc-io] INFO  c.h.c.infrastructure.CommandExecutor - exec: List tmux sessions
2026-06-17 23:20:59.175 [hcc-io] INFO  c.h.c.infrastructure.CommandExecutor -   exit: 1 (45 bytes)
2026-06-17 23:20:59.176 [hcc-io] INFO  c.h.c.infrastructure.CommandExecutor - exec: List tmux sessions
2026-06-17 23:20:59.321 [hcc-io] INFO  c.h.c.infrastructure.CommandExecutor -   exit: 1 (45 bytes)
2026-06-17 23:20:59.321 [hcc-io] INFO  c.h.c.infrastructure.CommandExecutor - exec: Start Hermes stack (hermes-start.sh)
2026-06-17 23:44:36.773 [AWT-EventQueue-0] INFO  c.h.controlcenter.config.ConfigStore - No config.json found; using defaults
2026-06-17 23:44:37.236 [hcc-io] INFO  c.h.c.services.HealthCheckService - snapshot: probing all services
2026-06-17 23:44:37.237 [hcc-io] INFO  c.h.c.infrastructure.CommandExecutor - exec: List tmux sessions
2026-06-17 23:44:37.373 [hcc-io] INFO  c.h.c.infrastructure.CommandExecutor -   exit: 1 (stdout=0 stderr=45)
2026-06-17 23:44:37.373 [hcc-io] INFO  c.h.c.infrastructure.CommandExecutor - exec: List tmux sessions
2026-06-17 23:44:37.473 [hcc-io] INFO  c.h.c.infrastructure.CommandExecutor -   exit: 1 (stdout=0 stderr=45)
2026-06-17 23:44:37.473 [hcc-io] INFO  c.h.c.infrastructure.CommandExecutor - exec: Start Hermes stack (hermes-start.sh)
2026-06-17 23:44:57.485 [hcc-io] INFO  c.h.c.infrastructure.CommandExecutor - exec: Start Engram HTTP server (engram-start.sh)
2026-06-17 23:44:58.265 [hcc-io] INFO  c.h.c.infrastructure.CommandExecutor -   exit: 1 (stdout=0 stderr=103)
2026-06-17 23:44:58.265 [hcc-io] INFO  c.h.c.infrastructure.CommandExecutor - exec: Probe opencode version
2026-06-17 23:44:58.268 [hcc-io] ERROR c.h.c.infrastructure.CommandExecutor -   failed: Cannot run program "opencode": CreateProcess error=2, El sistema no puede encontrar el archivo especificado
2026-06-17 23:44:58.269 [hcc-io] INFO  c.h.c.infrastructure.CommandExecutor - exec: List tmux sessions
2026-06-17 23:44:58.355 [hcc-io] INFO  c.h.c.infrastructure.CommandExecutor -   exit: 1 (stdout=0 stderr=45)
2026-06-17 23:44:58.365 [hcc-io] INFO  c.h.c.services.HealthCheckService - snapshot: primary action = START_STACK
2026-06-17 23:44:58.365 [hcc-io] INFO  c.h.c.infrastructure.CommandExecutor - exec: Ubuntu version (uname)
2026-06-17 23:44:58.465 [hcc-io] INFO  c.h.c.infrastructure.CommandExecutor -   exit: 0 (stdout=140 stderr=0)
2026-06-17 23:44:58.465 [hcc-io] INFO  c.h.c.infrastructure.CommandExecutor - exec: List tmux sessions
2026-06-17 23:44:58.567 [hcc-io] INFO  c.h.c.infrastructure.CommandExecutor -   exit: 1 (stdout=0 stderr=45)
2026-06-17 23:44:58.568 [hcc-io] INFO  c.h.c.infrastructure.CommandExecutor - exec: Probe git version
2026-06-17 23:44:58.685 [hcc-io] INFO  c.h.c.infrastructure.CommandExecutor -   exit: 0 (stdout=20 stderr=0)
2026-06-17 23:44:58.685 [hcc-io] INFO  c.h.c.infrastructure.CommandExecutor - exec: Probe bat version
2026-06-17 23:44:58.935 [hcc-io] INFO  c.h.c.infrastructure.CommandExecutor -   exit: 0 (stdout=11 stderr=0)
2026-06-17 23:44:58.935 [hcc-io] INFO  c.h.c.infrastructure.CommandExecutor - exec: Probe batcat version
2026-06-17 23:44:59.085 [hcc-io] INFO  c.h.c.infrastructure.CommandExecutor -   exit: 0 (stdout=12 stderr=0)
2026-06-17 23:44:59.085 [hcc-io] INFO  c.h.c.infrastructure.CommandExecutor - exec: Probe eza version
2026-06-17 23:44:59.205 [hcc-io] INFO  c.h.c.infrastructure.CommandExecutor -   exit: 0 (stdout=101 stderr=0)
2026-06-17 23:44:59.215 [hcc-io] INFO  c.h.c.infrastructure.CommandExecutor - exec: Probe btop version
2026-06-17 23:44:59.335 [hcc-io] INFO  c.h.c.infrastructure.CommandExecutor -   exit: 0 (stdout=21 stderr=0)
2026-06-17 23:44:59.335 [hcc-io] INFO  c.h.c.infrastructure.CommandExecutor - exec: Probe lazygit version
2026-06-17 23:45:00.075 [hcc-io] INFO  c.h.c.infrastructure.CommandExecutor -   exit: 0 (stdout=168 stderr=0)
2026-06-17 23:45:00.075 [hcc-io] INFO  c.h.c.infrastructure.CommandExecutor - exec: Probe zoxide version
2026-06-17 23:45:00.202 [hcc-io] INFO  c.h.c.infrastructure.CommandExecutor -   exit: 0 (stdout=14 stderr=0)
2026-06-17 23:45:00.202 [hcc-io] INFO  c.h.c.infrastructure.CommandExecutor - exec: Probe oh-my-posh version
2026-06-17 23:45:00.384 [hcc-io] INFO  c.h.c.infrastructure.CommandExecutor -   exit: 0 (stdout=9 stderr=0)
2026-06-17 23:45:00.385 [hcc-io] INFO  c.h.c.services.HealthCheckService - snapshot: probing all services
2026-06-17 23:45:00.385 [hcc-io] INFO  c.h.c.infrastructure.CommandExecutor - exec: List tmux sessions
2026-06-17 23:45:00.475 [hcc-io] INFO  c.h.c.infrastructure.CommandExecutor -   exit: 1 (stdout=0 stderr=45)
2026-06-17 23:45:00.475 [hcc-io] INFO  c.h.c.infrastructure.CommandExecutor - exec: List tmux sessions
2026-06-17 23:45:00.575 [hcc-io] INFO  c.h.c.infrastructure.CommandExecutor -   exit: 1 (stdout=0 stderr=45)
2026-06-17 23:45:00.575 [hcc-io] INFO  c.h.c.infrastructure.CommandExecutor - exec: Start Hermes stack (hermes-start.sh)
2026-06-17 23:45:22.949 [AWT-EventQueue-0] INFO  c.h.controlcenter.config.ConfigStore - No config.json found; using defaults
2026-06-17 23:45:23.407 [hcc-io] INFO  c.h.c.services.HealthCheckService - snapshot: probing all services
2026-06-17 23:45:23.407 [hcc-io] INFO  c.h.c.infrastructure.CommandExecutor - exec: List tmux sessions
2026-06-17 23:45:23.550 [hcc-io] INFO  c.h.c.infrastructure.CommandExecutor -   exit: 1 (stdout=0 stderr=45)
2026-06-17 23:45:23.551 [hcc-io] INFO  c.h.c.infrastructure.CommandExecutor - exec: List tmux sessions
2026-06-17 23:45:23.657 [hcc-io] INFO  c.h.c.infrastructure.CommandExecutor -   exit: 1 (stdout=0 stderr=45)
2026-06-17 23:45:23.657 [hcc-io] INFO  c.h.c.infrastructure.CommandExecutor - exec: Start Hermes stack (hermes-start.sh)
2026-06-17 23:45:29.218 [hcc-card-action] INFO  c.h.c.infrastructure.CommandExecutor - exec: user action: uname -a
2026-06-17 23:45:29.351 [hcc-card-action] INFO  c.h.c.infrastructure.CommandExecutor -   exit: 0 (stdout=140 stderr=0)
2026-06-17 23:45:34.568 [hcc-card-action] INFO  c.h.c.infrastructure.CommandExecutor - exec: user action: tail -n 40 /mnt/e/Dev/Hermes/logs/engram.log
2026-06-17 23:45:34.738 [hcc-card-action] INFO  c.h.c.infrastructure.CommandExecutor -   exit: 0 (stdout=70 stderr=0)
2026-06-17 23:45:41.350 [hcc-card-action] INFO  c.h.c.infrastructure.CommandExecutor - exec: user action: tail -n 20 /mnt/e/Dev/Hermes/logs/engram.log
2026-06-17 23:45:41.484 [hcc-card-action] INFO  c.h.c.infrastructure.CommandExecutor -   exit: 0 (stdout=70 stderr=0)
2026-06-17 23:45:43.050 [hcc-card-action] INFO  c.h.c.infrastructure.CommandExecutor - exec: user action: tmux ls
2026-06-17 23:45:43.184 [hcc-card-action] INFO  c.h.c.infrastructure.CommandExecutor -   exit: 1 (stdout=0 stderr=45)
2026-06-17 23:45:43.667 [hcc-io] INFO  c.h.c.infrastructure.CommandExecutor - exec: Start Engram HTTP server (engram-start.sh)
2026-06-17 23:45:44.600 [hcc-io] INFO  c.h.c.infrastructure.CommandExecutor -   exit: 1 (stdout=0 stderr=103)
2026-06-17 23:45:44.600 [hcc-io] INFO  c.h.c.infrastructure.CommandExecutor - exec: Probe opencode version
2026-06-17 23:45:44.600 [hcc-io] ERROR c.h.c.infrastructure.CommandExecutor -   failed: Cannot run program "opencode": CreateProcess error=2, El sistema no puede encontrar el archivo especificado
2026-06-17 23:45:44.600 [hcc-io] INFO  c.h.c.infrastructure.CommandExecutor - exec: List tmux sessions
2026-06-17 23:45:44.668 [hcc-card-action] INFO  c.h.c.infrastructure.CommandExecutor - exec: user action: echo $POSH_THEME
2026-06-17 23:45:44.719 [hcc-io] INFO  c.h.c.infrastructure.CommandExecutor -   exit: 1 (stdout=0 stderr=45)
2026-06-17 23:45:44.719 [hcc-io] INFO  c.h.c.services.HealthCheckService - snapshot: primary action = START_STACK
2026-06-17 23:45:44.719 [hcc-io] INFO  c.h.c.infrastructure.CommandExecutor - exec: Ubuntu version (uname)
2026-06-17 23:45:44.819 [hcc-card-action] INFO  c.h.c.infrastructure.CommandExecutor -   exit: 0 (stdout=2 stderr=0)
2026-06-17 23:45:44.882 [hcc-io] INFO  c.h.c.infrastructure.CommandExecutor -   exit: 0 (stdout=140 stderr=0)
2026-06-17 23:45:44.884 [hcc-io] INFO  c.h.c.infrastructure.CommandExecutor - exec: List tmux sessions
2026-06-17 23:45:45.008 [hcc-io] INFO  c.h.c.infrastructure.CommandExecutor -   exit: 1 (stdout=0 stderr=45)
2026-06-17 23:45:45.008 [hcc-io] INFO  c.h.c.infrastructure.CommandExecutor - exec: Probe git version
2026-06-17 23:45:45.168 [hcc-io] INFO  c.h.c.infrastructure.CommandExecutor -   exit: 0 (stdout=20 stderr=0)
2026-06-17 23:45:45.168 [hcc-io] INFO  c.h.c.infrastructure.CommandExecutor - exec: Probe bat version
2026-06-17 23:45:45.518 [hcc-io] INFO  c.h.c.infrastructure.CommandExecutor -   exit: 0 (stdout=11 stderr=0)
2026-06-17 23:45:45.518 [hcc-io] INFO  c.h.c.infrastructure.CommandExecutor - exec: Probe batcat version
2026-06-17 23:45:45.689 [hcc-io] INFO  c.h.c.infrastructure.CommandExecutor -   exit: 0 (stdout=12 stderr=0)
2026-06-17 23:45:45.689 [hcc-io] INFO  c.h.c.infrastructure.CommandExecutor - exec: Probe eza version
2026-06-17 23:45:45.853 [hcc-io] INFO  c.h.c.infrastructure.CommandExecutor -   exit: 0 (stdout=101 stderr=0)
2026-06-17 23:45:45.853 [hcc-io] INFO  c.h.c.infrastructure.CommandExecutor - exec: Probe btop version
2026-06-17 23:45:46.009 [hcc-io] INFO  c.h.c.infrastructure.CommandExecutor -   exit: 0 (stdout=21 stderr=0)
2026-06-17 23:45:46.009 [hcc-io] INFO  c.h.c.infrastructure.CommandExecutor - exec: Probe lazygit version
2026-06-17 23:45:46.359 [hcc-card-action] INFO  c.h.c.infrastructure.CommandExecutor - exec: user action: eza -lah --git /mnt/e/Dev/Hermes
2026-06-17 23:45:46.579 [hcc-card-action] INFO  c.h.c.infrastructure.CommandExecutor -   exit: 0 (stdout=679 stderr=0)
2026-06-17 23:45:46.900 [hcc-io] INFO  c.h.c.infrastructure.CommandExecutor -   exit: 0 (stdout=168 stderr=0)
2026-06-17 23:45:46.900 [hcc-io] INFO  c.h.c.infrastructure.CommandExecutor - exec: Probe zoxide version
2026-06-17 23:45:47.045 [hcc-io] INFO  c.h.c.infrastructure.CommandExecutor -   exit: 0 (stdout=14 stderr=0)
2026-06-17 23:45:47.047 [hcc-io] INFO  c.h.c.infrastructure.CommandExecutor - exec: Probe oh-my-posh version
2026-06-17 23:45:47.183 [hcc-card-action] INFO  c.h.c.infrastructure.CommandExecutor - exec: user action: btop
2026-06-17 23:45:47.192 [hcc-io] INFO  c.h.c.infrastructure.CommandExecutor -   exit: 0 (stdout=9 stderr=0)
2026-06-17 23:45:47.192 [hcc-io] INFO  c.h.c.services.HealthCheckService - snapshot: probing all services
2026-06-17 23:45:47.192 [hcc-io] INFO  c.h.c.infrastructure.CommandExecutor - exec: List tmux sessions
2026-06-17 23:45:47.330 [hcc-io] INFO  c.h.c.infrastructure.CommandExecutor -   exit: 1 (stdout=0 stderr=45)
2026-06-17 23:45:47.330 [hcc-io] INFO  c.h.c.infrastructure.CommandExecutor - exec: List tmux sessions
2026-06-17 23:45:47.345 [hcc-card-action] INFO  c.h.c.infrastructure.CommandExecutor -   exit: 1 (stdout=0 stderr=86)
2026-06-17 23:45:47.465 [hcc-io] INFO  c.h.c.infrastructure.CommandExecutor -   exit: 1 (stdout=0 stderr=45)
2026-06-17 23:45:47.466 [hcc-io] INFO  c.h.c.infrastructure.CommandExecutor - exec: Start Hermes stack (hermes-start.sh)
2026-06-17 23:45:48.900 [hcc-card-action] INFO  c.h.c.infrastructure.CommandExecutor - exec: user action: lazygit
2026-06-17 23:45:50.099 [hcc-card-action] INFO  c.h.c.infrastructure.CommandExecutor - exec: user action: z /mnt/e/Dev/Hermes
2026-06-17 23:45:50.383 [hcc-card-action] INFO  c.h.c.infrastructure.CommandExecutor -   exit: 127 (stdout=0 stderr=36)
2026-06-17 23:45:50.689 [hcc-card-action] INFO  c.h.c.infrastructure.CommandExecutor - exec: user action: tail -n 40 /mnt/e/Dev/Hermes/logs/engram.log
2026-06-17 23:45:50.819 [hcc-card-action] INFO  c.h.c.infrastructure.CommandExecutor -   exit: 0 (stdout=70 stderr=0)
2026-06-17 23:45:51.759 [hcc-card-action] INFO  c.h.c.infrastructure.CommandExecutor - exec: user action: tmux ls
2026-06-17 23:45:51.900 [hcc-card-action] INFO  c.h.c.infrastructure.CommandExecutor -   exit: 1 (stdout=0 stderr=45)
2026-06-17 23:45:53.491 [hcc-card-action] INFO  c.h.c.infrastructure.CommandExecutor - exec: user action: uname -a
2026-06-17 23:45:53.619 [hcc-card-action] INFO  c.h.c.infrastructure.CommandExecutor -   exit: 0 (stdout=140 stderr=0)
2026-06-17 23:46:02.230 [AWT-EventQueue-0] INFO  c.h.controlcenter.config.ConfigStore - No config.json found; using defaults
2026-06-17 23:46:02.733 [hcc-io] INFO  c.h.c.services.HealthCheckService - snapshot: probing all services
2026-06-17 23:46:02.740 [hcc-io] INFO  c.h.c.infrastructure.CommandExecutor - exec: List tmux sessions
2026-06-17 23:46:02.902 [hcc-io] INFO  c.h.c.infrastructure.CommandExecutor -   exit: 1 (stdout=0 stderr=45)
2026-06-17 23:46:02.903 [hcc-io] INFO  c.h.c.infrastructure.CommandExecutor - exec: List tmux sessions
2026-06-17 23:46:03.030 [hcc-io] INFO  c.h.c.infrastructure.CommandExecutor -   exit: 1 (stdout=0 stderr=45)
2026-06-17 23:46:03.033 [hcc-io] INFO  c.h.c.infrastructure.CommandExecutor - exec: Start Hermes stack (hermes-start.sh)
2026-06-17 23:52:32.970 [AWT-EventQueue-0] INFO  c.h.controlcenter.config.ConfigStore - No config.json found; using defaults
2026-06-17 23:52:33.551 [hcc-io] INFO  c.h.c.services.HealthCheckService - snapshot: probing all services
2026-06-17 23:52:33.556 [hcc-io] INFO  c.h.c.infrastructure.CommandExecutor - exec: List tmux sessions
2026-06-17 23:52:33.701 [hcc-io] INFO  c.h.c.infrastructure.CommandExecutor -   exit: 1 (stdout=0 stderr=45)
2026-06-17 23:52:33.701 [hcc-io] INFO  c.h.c.infrastructure.CommandExecutor - exec: List tmux sessions
2026-06-17 23:52:33.811 [hcc-io] INFO  c.h.c.infrastructure.CommandExecutor -   exit: 1 (stdout=0 stderr=45)
2026-06-17 23:52:33.811 [hcc-io] INFO  c.h.c.infrastructure.CommandExecutor - exec: Start Hermes stack (hermes-start.sh)
2026-06-17 23:52:41.051 [hcc-card-action] INFO  c.h.c.infrastructure.CommandExecutor - exec: user action: uname -a
2026-06-17 23:52:41.176 [hcc-card-action] INFO  c.h.c.infrastructure.CommandExecutor -   exit: 0 (stdout=140 stderr=0)
2026-06-17 23:52:43.872 [hcc-card-action] INFO  c.h.c.infrastructure.CommandExecutor - exec: user action: tmux ls
2026-06-17 23:52:43.982 [hcc-card-action] INFO  c.h.c.infrastructure.CommandExecutor -   exit: 1 (stdout=0 stderr=45)
2026-06-17 23:52:46.152 [hcc-card-action] INFO  c.h.c.infrastructure.CommandExecutor - exec: user action: tail -n 40 /mnt/e/Dev/Hermes/logs/engram.log
2026-06-17 23:52:46.272 [hcc-card-action] INFO  c.h.c.infrastructure.CommandExecutor -   exit: 0 (stdout=70 stderr=0)
2026-06-17 23:52:48.662 [hcc-card-action] INFO  c.h.c.infrastructure.CommandExecutor - exec: user action: eza -lah --git /mnt/e/Dev/Hermes
2026-06-17 23:52:48.848 [hcc-card-action] INFO  c.h.c.infrastructure.CommandExecutor -   exit: 0 (stdout=679 stderr=0)
2026-06-17 23:52:50.962 [hcc-card-action] INFO  c.h.c.infrastructure.CommandExecutor - exec: user action: btop
2026-06-17 23:52:51.082 [hcc-card-action] INFO  c.h.c.infrastructure.CommandExecutor -   exit: 1 (stdout=0 stderr=86)
2026-06-17 23:52:51.672 [hcc-card-action] INFO  c.h.c.infrastructure.CommandExecutor - exec: user action: lazygit
2026-06-17 23:52:53.832 [hcc-io] INFO  c.h.c.infrastructure.CommandExecutor - exec: Start Engram HTTP server (engram-start.sh)
2026-06-17 23:52:54.522 [hcc-io] INFO  c.h.c.infrastructure.CommandExecutor -   exit: 1 (stdout=0 stderr=103)
2026-06-17 23:52:54.522 [hcc-io] INFO  c.h.c.infrastructure.CommandExecutor - exec: Probe opencode version
2026-06-17 23:52:54.530 [hcc-io] ERROR c.h.c.infrastructure.CommandExecutor -   failed: Cannot run program "opencode": CreateProcess error=2, El sistema no puede encontrar el archivo especificado
2026-06-17 23:52:54.530 [hcc-io] INFO  c.h.c.infrastructure.CommandExecutor - exec: List tmux sessions
2026-06-17 23:52:54.632 [hcc-io] INFO  c.h.c.infrastructure.CommandExecutor -   exit: 1 (stdout=0 stderr=45)
2026-06-17 23:52:54.632 [hcc-io] INFO  c.h.c.services.HealthCheckService - snapshot: primary action = START_STACK
2026-06-17 23:52:54.632 [hcc-io] INFO  c.h.c.infrastructure.CommandExecutor - exec: Ubuntu version (uname)
2026-06-17 23:52:54.733 [hcc-io] INFO  c.h.c.infrastructure.CommandExecutor -   exit: 0 (stdout=140 stderr=0)
2026-06-17 23:52:54.733 [hcc-io] INFO  c.h.c.infrastructure.CommandExecutor - exec: List tmux sessions
2026-06-17 23:52:54.822 [hcc-io] INFO  c.h.c.infrastructure.CommandExecutor -   exit: 1 (stdout=0 stderr=45)
2026-06-17 23:52:54.822 [hcc-io] INFO  c.h.c.infrastructure.CommandExecutor - exec: Probe git version
2026-06-17 23:52:54.943 [hcc-io] INFO  c.h.c.infrastructure.CommandExecutor -   exit: 0 (stdout=20 stderr=0)
2026-06-17 23:52:54.943 [hcc-io] INFO  c.h.c.infrastructure.CommandExecutor - exec: Probe bat version
2026-06-17 23:52:55.181 [hcc-io] INFO  c.h.c.infrastructure.CommandExecutor -   exit: 0 (stdout=11 stderr=0)
2026-06-17 23:52:55.181 [hcc-io] INFO  c.h.c.infrastructure.CommandExecutor - exec: Probe batcat version
2026-06-17 23:52:55.302 [hcc-io] INFO  c.h.c.infrastructure.CommandExecutor -   exit: 0 (stdout=12 stderr=0)
2026-06-17 23:52:55.302 [hcc-io] INFO  c.h.c.infrastructure.CommandExecutor - exec: Probe eza version
2026-06-17 23:52:55.422 [hcc-io] INFO  c.h.c.infrastructure.CommandExecutor -   exit: 0 (stdout=101 stderr=0)
2026-06-17 23:52:55.422 [hcc-io] INFO  c.h.c.infrastructure.CommandExecutor - exec: Probe btop version
2026-06-17 23:52:55.542 [hcc-io] INFO  c.h.c.infrastructure.CommandExecutor -   exit: 0 (stdout=21 stderr=0)
2026-06-17 23:52:55.546 [hcc-io] INFO  c.h.c.infrastructure.CommandExecutor - exec: Probe lazygit version
2026-06-17 23:52:56.152 [hcc-io] INFO  c.h.c.infrastructure.CommandExecutor -   exit: 0 (stdout=168 stderr=0)
2026-06-17 23:52:56.162 [hcc-io] INFO  c.h.c.infrastructure.CommandExecutor - exec: Probe zoxide version
2026-06-17 23:52:56.272 [hcc-io] INFO  c.h.c.infrastructure.CommandExecutor -   exit: 0 (stdout=14 stderr=0)
2026-06-17 23:52:56.272 [hcc-io] INFO  c.h.c.infrastructure.CommandExecutor - exec: Probe oh-my-posh version
2026-06-17 23:52:56.423 [hcc-io] INFO  c.h.c.infrastructure.CommandExecutor -   exit: 0 (stdout=9 stderr=0)
2026-06-17 23:52:56.432 [hcc-io] INFO  c.h.c.services.HealthCheckService - snapshot: probing all services
2026-06-17 23:52:56.432 [hcc-io] INFO  c.h.c.infrastructure.CommandExecutor - exec: List tmux sessions
2026-06-17 23:52:56.533 [hcc-io] INFO  c.h.c.infrastructure.CommandExecutor -   exit: 1 (stdout=0 stderr=45)
2026-06-17 23:52:56.533 [hcc-io] INFO  c.h.c.infrastructure.CommandExecutor - exec: List tmux sessions
2026-06-17 23:52:56.625 [hcc-io] INFO  c.h.c.infrastructure.CommandExecutor -   exit: 1 (stdout=0 stderr=45)
2026-06-17 23:52:56.625 [hcc-io] INFO  c.h.c.infrastructure.CommandExecutor - exec: Start Hermes stack (hermes-start.sh)
2026-06-17 23:53:16.649 [hcc-io] INFO  c.h.c.infrastructure.CommandExecutor - exec: Start Engram HTTP server (engram-start.sh)
2026-06-17 23:53:17.285 [hcc-io] INFO  c.h.c.infrastructure.CommandExecutor -   exit: 1 (stdout=0 stderr=103)
2026-06-17 23:53:17.285 [hcc-io] INFO  c.h.c.infrastructure.CommandExecutor - exec: Probe opencode version
2026-06-17 23:53:17.285 [hcc-io] ERROR c.h.c.infrastructure.CommandExecutor -   failed: Cannot run program "opencode": CreateProcess error=2, El sistema no puede encontrar el archivo especificado
2026-06-17 23:53:17.285 [hcc-io] INFO  c.h.c.infrastructure.CommandExecutor - exec: List tmux sessions
2026-06-17 23:53:17.384 [hcc-io] INFO  c.h.c.infrastructure.CommandExecutor -   exit: 1 (stdout=0 stderr=45)
2026-06-17 23:53:17.384 [hcc-io] INFO  c.h.c.services.HealthCheckService - snapshot: primary action = START_STACK
2026-06-17 23:53:17.384 [hcc-io] INFO  c.h.c.services.HealthCheckService - snapshot: probing all services
2026-06-17 23:53:17.384 [hcc-io] INFO  c.h.c.infrastructure.CommandExecutor - exec: List tmux sessions
2026-06-17 23:53:17.484 [hcc-io] INFO  c.h.c.infrastructure.CommandExecutor -   exit: 1 (stdout=0 stderr=45)
2026-06-17 23:53:17.484 [hcc-io] INFO  c.h.c.infrastructure.CommandExecutor - exec: List tmux sessions
2026-06-17 23:53:17.586 [hcc-io] INFO  c.h.c.infrastructure.CommandExecutor -   exit: 1 (stdout=0 stderr=45)
2026-06-17 23:53:17.586 [hcc-io] INFO  c.h.c.infrastructure.CommandExecutor - exec: Start Hermes stack (hermes-start.sh)
2026-06-17 23:53:37.593 [hcc-io] INFO  c.h.c.infrastructure.CommandExecutor - exec: Start Engram HTTP server (engram-start.sh)
2026-06-17 23:53:38.308 [hcc-io] INFO  c.h.c.infrastructure.CommandExecutor -   exit: 1 (stdout=0 stderr=103)
2026-06-17 23:53:38.308 [hcc-io] INFO  c.h.c.infrastructure.CommandExecutor - exec: Probe opencode version
2026-06-17 23:53:38.316 [hcc-io] ERROR c.h.c.infrastructure.CommandExecutor -   failed: Cannot run program "opencode": CreateProcess error=2, El sistema no puede encontrar el archivo especificado
2026-06-17 23:53:38.316 [hcc-io] INFO  c.h.c.infrastructure.CommandExecutor - exec: List tmux sessions
2026-06-17 23:53:38.419 [hcc-io] INFO  c.h.c.infrastructure.CommandExecutor -   exit: 1 (stdout=0 stderr=45)
2026-06-17 23:53:38.419 [hcc-io] INFO  c.h.c.services.HealthCheckService - snapshot: primary action = START_STACK
2026-06-17 23:53:38.426 [hcc-io] INFO  c.h.c.infrastructure.CommandExecutor - exec: List tmux sessions
2026-06-17 23:53:38.530 [hcc-io] INFO  c.h.c.infrastructure.CommandExecutor -   exit: 1 (stdout=0 stderr=45)
2026-06-17 23:53:38.536 [hcc-io] INFO  c.h.c.infrastructure.CommandExecutor - exec: Ubuntu version (uname)
2026-06-17 23:53:38.641 [hcc-io] INFO  c.h.c.infrastructure.CommandExecutor -   exit: 0 (stdout=140 stderr=0)
2026-06-17 23:53:38.641 [hcc-io] INFO  c.h.c.infrastructure.CommandExecutor - exec: List tmux sessions
2026-06-17 23:53:38.751 [hcc-io] INFO  c.h.c.infrastructure.CommandExecutor -   exit: 1 (stdout=0 stderr=45)
2026-06-17 23:53:38.751 [hcc-io] INFO  c.h.c.infrastructure.CommandExecutor - exec: Start Engram HTTP server (engram-start.sh)
2026-06-17 23:53:39.476 [hcc-io] INFO  c.h.c.infrastructure.CommandExecutor -   exit: 1 (stdout=0 stderr=103)
2026-06-17 23:53:39.476 [hcc-io] INFO  c.h.c.infrastructure.CommandExecutor - exec: Start Hermes stack (hermes-start.sh)
2026-06-17 23:53:59.492 [hcc-io] INFO  c.h.c.infrastructure.CommandExecutor - exec: List tmux sessions
2026-06-17 23:53:59.608 [hcc-io] INFO  c.h.c.infrastructure.CommandExecutor -   exit: 1 (stdout=0 stderr=45)
2026-06-17 23:53:59.608 [hcc-io] INFO  c.h.c.infrastructure.CommandExecutor - exec: List tmux sessions
2026-06-17 23:53:59.731 [hcc-io] INFO  c.h.c.infrastructure.CommandExecutor -   exit: 1 (stdout=0 stderr=45)
2026-06-17 23:53:59.731 [hcc-io] INFO  c.h.c.infrastructure.CommandExecutor - exec: Create tmux 'hermes' session (4-pane workspace)
2026-06-17 23:53:59.932 [hcc-io] INFO  c.h.c.infrastructure.CommandExecutor -   exit: 0 (stdout=162 stderr=0)
2026-06-17 23:53:59.932 [hcc-io] INFO  c.h.c.infrastructure.CommandExecutor - exec: Attach to existing tmux session 'hermes'
2026-06-17 23:53:59.938 [hcc-io] INFO  c.h.c.services.HealthCheckService - snapshot: probing all services
2026-06-17 23:53:59.938 [hcc-io] INFO  c.h.c.infrastructure.CommandExecutor - exec: List tmux sessions
2026-06-17 23:54:00.097 [hcc-io] INFO  c.h.c.infrastructure.CommandExecutor -   exit: 0 (stdout=54 stderr=0)
2026-06-17 23:54:00.097 [hcc-io] INFO  c.h.c.infrastructure.CommandExecutor - exec: List tmux sessions
2026-06-17 23:54:00.213 [hcc-io] INFO  c.h.c.infrastructure.CommandExecutor -   exit: 0 (stdout=54 stderr=0)
2026-06-17 23:54:00.213 [hcc-io] INFO  c.h.c.infrastructure.CommandExecutor - exec: Start Hermes stack (hermes-start.sh)
2026-06-17 23:54:20.222 [hcc-io] INFO  c.h.c.infrastructure.CommandExecutor - exec: Start Engram HTTP server (engram-start.sh)
2026-06-17 23:54:21.086 [hcc-io] INFO  c.h.c.infrastructure.CommandExecutor -   exit: 1 (stdout=0 stderr=103)
2026-06-17 23:54:21.087 [hcc-io] INFO  c.h.c.infrastructure.CommandExecutor - exec: Probe opencode version
2026-06-17 23:54:21.090 [hcc-io] ERROR c.h.c.infrastructure.CommandExecutor -   failed: Cannot run program "opencode": CreateProcess error=2, El sistema no puede encontrar el archivo especificado
2026-06-17 23:54:21.090 [hcc-io] INFO  c.h.c.infrastructure.CommandExecutor - exec: List tmux sessions
2026-06-17 23:54:21.202 [hcc-io] INFO  c.h.c.infrastructure.CommandExecutor -   exit: 0 (stdout=54 stderr=0)
2026-06-17 23:54:21.202 [hcc-io] INFO  c.h.c.services.HealthCheckService - snapshot: primary action = START_STACK
2026-06-17 23:54:21.202 [hcc-io] INFO  c.h.c.infrastructure.CommandExecutor - exec: List tmux sessions
2026-06-17 23:54:21.330 [hcc-io] INFO  c.h.c.infrastructure.CommandExecutor -   exit: 0 (stdout=54 stderr=0)
2026-06-17 23:54:21.330 [hcc-io] INFO  c.h.c.infrastructure.CommandExecutor - exec: Ubuntu version (uname)
2026-06-17 23:54:21.469 [hcc-io] INFO  c.h.c.infrastructure.CommandExecutor -   exit: 0 (stdout=140 stderr=0)
2026-06-17 23:54:21.469 [hcc-io] INFO  c.h.c.infrastructure.CommandExecutor - exec: List tmux sessions
2026-06-17 23:54:21.579 [hcc-io] INFO  c.h.c.infrastructure.CommandExecutor -   exit: 0 (stdout=54 stderr=0)
2026-06-17 23:54:21.579 [hcc-io] INFO  c.h.c.infrastructure.CommandExecutor - exec: Start Engram HTTP server (engram-start.sh)
2026-06-17 23:54:22.312 [hcc-io] INFO  c.h.c.infrastructure.CommandExecutor -   exit: 1 (stdout=0 stderr=103)
2026-06-17 23:54:22.312 [hcc-io] INFO  c.h.c.infrastructure.CommandExecutor - exec: Start Hermes stack (hermes-start.sh)
2026-06-17 23:54:42.320 [hcc-io] INFO  c.h.c.infrastructure.CommandExecutor - exec: List tmux sessions
2026-06-17 23:54:42.429 [hcc-io] INFO  c.h.c.infrastructure.CommandExecutor -   exit: 0 (stdout=54 stderr=0)
2026-06-17 23:54:42.429 [hcc-io] INFO  c.h.c.infrastructure.CommandExecutor - exec: List tmux sessions
2026-06-17 23:54:42.531 [hcc-io] INFO  c.h.c.infrastructure.CommandExecutor -   exit: 0 (stdout=54 stderr=0)
2026-06-17 23:54:42.532 [hcc-io] INFO  c.h.c.infrastructure.CommandExecutor - exec: Attach to existing tmux session 'hermes'
2026-06-17 23:54:42.535 [hcc-io] INFO  c.h.c.services.HealthCheckService - snapshot: probing all services
2026-06-17 23:54:42.535 [hcc-io] INFO  c.h.c.infrastructure.CommandExecutor - exec: List tmux sessions
2026-06-17 23:54:42.664 [hcc-io] INFO  c.h.c.infrastructure.CommandExecutor -   exit: 0 (stdout=54 stderr=0)
2026-06-17 23:54:42.665 [hcc-io] INFO  c.h.c.infrastructure.CommandExecutor - exec: List tmux sessions
2026-06-17 23:54:42.771 [hcc-io] INFO  c.h.c.infrastructure.CommandExecutor -   exit: 0 (stdout=54 stderr=0)
2026-06-17 23:54:42.771 [hcc-io] INFO  c.h.c.infrastructure.CommandExecutor - exec: Start Hermes stack (hermes-start.sh)
2026-06-17 23:55:02.779 [hcc-io] INFO  c.h.c.infrastructure.CommandExecutor - exec: Start Engram HTTP server (engram-start.sh)
2026-06-17 23:55:03.541 [hcc-io] INFO  c.h.c.infrastructure.CommandExecutor -   exit: 1 (stdout=0 stderr=103)
2026-06-17 23:55:03.543 [hcc-io] INFO  c.h.c.infrastructure.CommandExecutor - exec: Probe opencode version
2026-06-17 23:55:03.546 [hcc-io] ERROR c.h.c.infrastructure.CommandExecutor -   failed: Cannot run program "opencode": CreateProcess error=2, El sistema no puede encontrar el archivo especificado
2026-06-17 23:55:03.546 [hcc-io] INFO  c.h.c.infrastructure.CommandExecutor - exec: List tmux sessions
2026-06-17 23:55:03.660 [hcc-io] INFO  c.h.c.infrastructure.CommandExecutor -   exit: 0 (stdout=54 stderr=0)
2026-06-17 23:55:03.660 [hcc-io] INFO  c.h.c.services.HealthCheckService - snapshot: primary action = START_STACK
2026-06-17 23:55:03.661 [hcc-io] INFO  c.h.c.infrastructure.CommandExecutor - exec: List tmux sessions
2026-06-17 23:55:03.762 [hcc-io] INFO  c.h.c.infrastructure.CommandExecutor -   exit: 0 (stdout=54 stderr=0)
2026-06-17 23:55:03.762 [hcc-io] INFO  c.h.c.infrastructure.CommandExecutor - exec: Ubuntu version (uname)
2026-06-17 23:55:03.893 [hcc-io] INFO  c.h.c.infrastructure.CommandExecutor -   exit: 0 (stdout=140 stderr=0)
2026-06-17 23:55:03.894 [hcc-io] INFO  c.h.c.infrastructure.CommandExecutor - exec: List tmux sessions
2026-06-17 23:55:04.000 [hcc-io] INFO  c.h.c.infrastructure.CommandExecutor -   exit: 0 (stdout=54 stderr=0)
2026-06-17 23:55:04.000 [hcc-io] INFO  c.h.c.infrastructure.CommandExecutor - exec: Start Engram HTTP server (engram-start.sh)
2026-06-17 23:55:04.830 [hcc-io] INFO  c.h.c.infrastructure.CommandExecutor -   exit: 1 (stdout=0 stderr=103)
2026-06-17 23:55:04.830 [hcc-io] INFO  c.h.c.infrastructure.CommandExecutor - exec: Start Hermes stack (hermes-start.sh)
2026-06-17 23:55:24.837 [hcc-io] INFO  c.h.c.infrastructure.CommandExecutor - exec: List tmux sessions
2026-06-17 23:55:24.951 [hcc-io] INFO  c.h.c.infrastructure.CommandExecutor -   exit: 0 (stdout=54 stderr=0)
2026-06-17 23:55:24.952 [hcc-io] INFO  c.h.c.infrastructure.CommandExecutor - exec: List tmux sessions
2026-06-17 23:55:25.058 [hcc-io] INFO  c.h.c.infrastructure.CommandExecutor -   exit: 0 (stdout=54 stderr=0)
2026-06-17 23:55:25.058 [hcc-io] INFO  c.h.c.infrastructure.CommandExecutor - exec: Attach to existing tmux session 'hermes'
2026-06-17 23:55:25.063 [hcc-io] INFO  c.h.c.services.HealthCheckService - snapshot: probing all services
2026-06-17 23:55:25.063 [hcc-io] INFO  c.h.c.infrastructure.CommandExecutor - exec: List tmux sessions
2026-06-17 23:55:25.194 [hcc-io] INFO  c.h.c.infrastructure.CommandExecutor -   exit: 0 (stdout=54 stderr=0)
2026-06-17 23:55:25.194 [hcc-io] INFO  c.h.c.infrastructure.CommandExecutor - exec: List tmux sessions
2026-06-17 23:55:25.309 [hcc-io] INFO  c.h.c.infrastructure.CommandExecutor -   exit: 0 (stdout=54 stderr=0)
2026-06-17 23:55:25.310 [hcc-io] INFO  c.h.c.infrastructure.CommandExecutor - exec: Start Hermes stack (hermes-start.sh)
2026-06-17 23:55:45.316 [hcc-io] INFO  c.h.c.infrastructure.CommandExecutor - exec: Start Engram HTTP server (engram-start.sh)
2026-06-17 23:55:46.036 [hcc-io] INFO  c.h.c.infrastructure.CommandExecutor -   exit: 1 (stdout=0 stderr=103)
2026-06-17 23:55:46.036 [hcc-io] INFO  c.h.c.infrastructure.CommandExecutor - exec: Probe opencode version
2026-06-17 23:55:46.043 [hcc-io] ERROR c.h.c.infrastructure.CommandExecutor -   failed: Cannot run program "opencode": CreateProcess error=2, El sistema no puede encontrar el archivo especificado
2026-06-17 23:55:46.043 [hcc-io] INFO  c.h.c.infrastructure.CommandExecutor - exec: List tmux sessions
2026-06-17 23:55:46.147 [hcc-io] INFO  c.h.c.infrastructure.CommandExecutor -   exit: 0 (stdout=54 stderr=0)
2026-06-17 23:55:46.147 [hcc-io] INFO  c.h.c.services.HealthCheckService - snapshot: primary action = START_STACK
2026-06-17 23:55:46.147 [hcc-io] INFO  c.h.c.infrastructure.CommandExecutor - exec: List tmux sessions
2026-06-17 23:55:46.251 [hcc-io] INFO  c.h.c.infrastructure.CommandExecutor -   exit: 0 (stdout=54 stderr=0)
2026-06-17 23:55:46.252 [hcc-io] INFO  c.h.c.infrastructure.CommandExecutor - exec: Ubuntu version (uname)
2026-06-17 23:55:46.364 [hcc-io] INFO  c.h.c.infrastructure.CommandExecutor -   exit: 0 (stdout=140 stderr=0)
2026-06-17 23:55:46.364 [hcc-io] INFO  c.h.c.infrastructure.CommandExecutor - exec: List tmux sessions
2026-06-17 23:55:46.483 [hcc-io] INFO  c.h.c.infrastructure.CommandExecutor -   exit: 0 (stdout=54 stderr=0)
2026-06-17 23:55:46.483 [hcc-io] INFO  c.h.c.infrastructure.CommandExecutor - exec: Start Engram HTTP server (engram-start.sh)
2026-06-17 23:55:47.189 [hcc-io] INFO  c.h.c.infrastructure.CommandExecutor -   exit: 1 (stdout=0 stderr=103)
2026-06-17 23:55:47.189 [hcc-io] INFO  c.h.c.infrastructure.CommandExecutor - exec: Start Hermes stack (hermes-start.sh)
2026-06-17 23:56:07.196 [hcc-io] INFO  c.h.c.infrastructure.CommandExecutor - exec: List tmux sessions
2026-06-17 23:56:07.303 [hcc-io] INFO  c.h.c.infrastructure.CommandExecutor -   exit: 0 (stdout=54 stderr=0)
2026-06-17 23:56:07.303 [hcc-io] INFO  c.h.c.infrastructure.CommandExecutor - exec: List tmux sessions
2026-06-17 23:56:07.410 [hcc-io] INFO  c.h.c.infrastructure.CommandExecutor -   exit: 0 (stdout=54 stderr=0)
2026-06-17 23:56:07.410 [hcc-io] INFO  c.h.c.infrastructure.CommandExecutor - exec: Attach to existing tmux session 'hermes'
2026-06-17 23:56:07.414 [hcc-io] INFO  c.h.c.services.HealthCheckService - snapshot: probing all services
2026-06-17 23:56:07.414 [hcc-io] INFO  c.h.c.infrastructure.CommandExecutor - exec: List tmux sessions
2026-06-17 23:56:07.541 [hcc-io] INFO  c.h.c.infrastructure.CommandExecutor -   exit: 0 (stdout=54 stderr=0)
2026-06-17 23:56:07.541 [hcc-io] INFO  c.h.c.infrastructure.CommandExecutor - exec: List tmux sessions
2026-06-17 23:56:07.652 [hcc-io] INFO  c.h.c.infrastructure.CommandExecutor -   exit: 0 (stdout=54 stderr=0)
2026-06-17 23:56:07.652 [hcc-io] INFO  c.h.c.infrastructure.CommandExecutor - exec: Start Hermes stack (hermes-start.sh)
2026-06-17 23:56:27.659 [hcc-io] INFO  c.h.c.infrastructure.CommandExecutor - exec: Start Engram HTTP server (engram-start.sh)
2026-06-17 23:56:28.359 [hcc-io] INFO  c.h.c.infrastructure.CommandExecutor -   exit: 1 (stdout=0 stderr=103)
2026-06-17 23:56:28.359 [hcc-io] INFO  c.h.c.infrastructure.CommandExecutor - exec: Probe opencode version
2026-06-17 23:56:28.369 [hcc-io] ERROR c.h.c.infrastructure.CommandExecutor -   failed: Cannot run program "opencode": CreateProcess error=2, El sistema no puede encontrar el archivo especificado
2026-06-17 23:56:28.369 [hcc-io] INFO  c.h.c.infrastructure.CommandExecutor - exec: List tmux sessions
2026-06-17 23:56:28.478 [hcc-io] INFO  c.h.c.infrastructure.CommandExecutor -   exit: 0 (stdout=54 stderr=0)
2026-06-17 23:56:28.478 [hcc-io] INFO  c.h.c.services.HealthCheckService - snapshot: primary action = START_STACK
2026-06-17 23:56:28.478 [hcc-io] INFO  c.h.c.infrastructure.CommandExecutor - exec: List tmux sessions
2026-06-17 23:56:28.584 [hcc-io] INFO  c.h.c.infrastructure.CommandExecutor -   exit: 0 (stdout=54 stderr=0)
2026-06-17 23:56:28.584 [hcc-io] INFO  c.h.c.infrastructure.CommandExecutor - exec: Ubuntu version (uname)
2026-06-17 23:56:28.697 [hcc-io] INFO  c.h.c.infrastructure.CommandExecutor -   exit: 0 (stdout=140 stderr=0)
2026-06-17 23:56:28.697 [hcc-io] INFO  c.h.c.infrastructure.CommandExecutor - exec: List tmux sessions
2026-06-17 23:56:28.805 [hcc-io] INFO  c.h.c.infrastructure.CommandExecutor -   exit: 0 (stdout=54 stderr=0)
2026-06-17 23:56:28.805 [hcc-io] INFO  c.h.c.infrastructure.CommandExecutor - exec: Start Engram HTTP server (engram-start.sh)
2026-06-17 23:56:29.516 [hcc-io] INFO  c.h.c.infrastructure.CommandExecutor -   exit: 1 (stdout=0 stderr=103)
2026-06-17 23:56:29.517 [hcc-io] INFO  c.h.c.infrastructure.CommandExecutor - exec: Start Hermes stack (hermes-start.sh)
2026-06-17 23:56:49.523 [hcc-io] INFO  c.h.c.infrastructure.CommandExecutor - exec: List tmux sessions
2026-06-17 23:56:49.635 [hcc-io] INFO  c.h.c.infrastructure.CommandExecutor -   exit: 0 (stdout=54 stderr=0)
2026-06-17 23:56:49.636 [hcc-io] INFO  c.h.c.infrastructure.CommandExecutor - exec: List tmux sessions
2026-06-17 23:56:49.755 [hcc-io] INFO  c.h.c.infrastructure.CommandExecutor -   exit: 0 (stdout=54 stderr=0)
2026-06-17 23:56:49.756 [hcc-io] INFO  c.h.c.infrastructure.CommandExecutor - exec: Attach to existing tmux session 'hermes'
2026-06-17 23:56:49.759 [hcc-io] INFO  c.h.c.services.HealthCheckService - snapshot: probing all services
2026-06-17 23:56:49.759 [hcc-io] INFO  c.h.c.infrastructure.CommandExecutor - exec: List tmux sessions
2026-06-17 23:56:49.905 [hcc-io] INFO  c.h.c.infrastructure.CommandExecutor -   exit: 0 (stdout=54 stderr=0)
2026-06-17 23:56:49.905 [hcc-io] INFO  c.h.c.infrastructure.CommandExecutor - exec: List tmux sessions
2026-06-17 23:56:50.014 [hcc-io] INFO  c.h.c.infrastructure.CommandExecutor -   exit: 0 (stdout=54 stderr=0)
2026-06-17 23:56:50.014 [hcc-io] INFO  c.h.c.infrastructure.CommandExecutor - exec: Start Hermes stack (hermes-start.sh)
2026-06-17 23:57:10.019 [hcc-io] INFO  c.h.c.infrastructure.CommandExecutor - exec: Start Engram HTTP server (engram-start.sh)
2026-06-17 23:57:10.748 [hcc-io] INFO  c.h.c.infrastructure.CommandExecutor -   exit: 1 (stdout=0 stderr=103)
2026-06-17 23:57:10.748 [hcc-io] INFO  c.h.c.infrastructure.CommandExecutor - exec: Probe opencode version
2026-06-17 23:57:10.751 [hcc-io] ERROR c.h.c.infrastructure.CommandExecutor -   failed: Cannot run program "opencode": CreateProcess error=2, El sistema no puede encontrar el archivo especificado
2026-06-17 23:57:10.751 [hcc-io] INFO  c.h.c.infrastructure.CommandExecutor - exec: List tmux sessions
2026-06-17 23:57:10.855 [hcc-io] INFO  c.h.c.infrastructure.CommandExecutor -   exit: 0 (stdout=54 stderr=0)
2026-06-17 23:57:10.855 [hcc-io] INFO  c.h.c.services.HealthCheckService - snapshot: primary action = START_STACK
2026-06-17 23:57:10.855 [hcc-io] INFO  c.h.c.infrastructure.CommandExecutor - exec: List tmux sessions
2026-06-17 23:57:10.960 [hcc-io] INFO  c.h.c.infrastructure.CommandExecutor -   exit: 0 (stdout=54 stderr=0)
2026-06-17 23:57:10.961 [hcc-io] INFO  c.h.c.infrastructure.CommandExecutor - exec: Ubuntu version (uname)
2026-06-17 23:57:11.080 [hcc-io] INFO  c.h.c.infrastructure.CommandExecutor -   exit: 0 (stdout=140 stderr=0)
2026-06-17 23:57:11.080 [hcc-io] INFO  c.h.c.infrastructure.CommandExecutor - exec: List tmux sessions
2026-06-17 23:57:11.194 [hcc-io] INFO  c.h.c.infrastructure.CommandExecutor -   exit: 0 (stdout=54 stderr=0)
2026-06-17 23:57:11.194 [hcc-io] INFO  c.h.c.infrastructure.CommandExecutor - exec: Start Engram HTTP server (engram-start.sh)
2026-06-17 23:57:11.997 [hcc-io] INFO  c.h.c.infrastructure.CommandExecutor -   exit: 1 (stdout=0 stderr=103)
2026-06-17 23:57:11.997 [hcc-io] INFO  c.h.c.infrastructure.CommandExecutor - exec: Start Hermes stack (hermes-start.sh)
2026-06-17 23:57:32.004 [hcc-io] INFO  c.h.c.infrastructure.CommandExecutor - exec: List tmux sessions
2026-06-17 23:57:32.108 [hcc-io] INFO  c.h.c.infrastructure.CommandExecutor -   exit: 0 (stdout=54 stderr=0)
2026-06-17 23:57:32.109 [hcc-io] INFO  c.h.c.infrastructure.CommandExecutor - exec: List tmux sessions
2026-06-17 23:57:32.214 [hcc-io] INFO  c.h.c.infrastructure.CommandExecutor -   exit: 0 (stdout=54 stderr=0)
2026-06-17 23:57:32.214 [hcc-io] INFO  c.h.c.infrastructure.CommandExecutor - exec: Attach to existing tmux session 'hermes'
2026-06-17 23:57:32.217 [hcc-io] INFO  c.h.c.services.HealthCheckService - snapshot: probing all services
2026-06-17 23:57:32.218 [hcc-io] INFO  c.h.c.infrastructure.CommandExecutor - exec: List tmux sessions
2026-06-17 23:57:32.340 [hcc-io] INFO  c.h.c.infrastructure.CommandExecutor -   exit: 0 (stdout=54 stderr=0)
2026-06-17 23:57:32.340 [hcc-io] INFO  c.h.c.infrastructure.CommandExecutor - exec: List tmux sessions
2026-06-17 23:57:32.449 [hcc-io] INFO  c.h.c.infrastructure.CommandExecutor -   exit: 0 (stdout=54 stderr=0)
2026-06-17 23:57:32.449 [hcc-io] INFO  c.h.c.infrastructure.CommandExecutor - exec: Start Hermes stack (hermes-start.sh)
2026-06-17 23:57:52.455 [hcc-io] INFO  c.h.c.infrastructure.CommandExecutor - exec: Start Engram HTTP server (engram-start.sh)
2026-06-17 23:57:53.190 [hcc-io] INFO  c.h.c.infrastructure.CommandExecutor -   exit: 1 (stdout=0 stderr=103)
2026-06-17 23:57:53.190 [hcc-io] INFO  c.h.c.infrastructure.CommandExecutor - exec: Probe opencode version
2026-06-17 23:57:53.194 [hcc-io] ERROR c.h.c.infrastructure.CommandExecutor -   failed: Cannot run program "opencode": CreateProcess error=2, El sistema no puede encontrar el archivo especificado
2026-06-17 23:57:53.194 [hcc-io] INFO  c.h.c.infrastructure.CommandExecutor - exec: List tmux sessions
2026-06-17 23:57:53.298 [hcc-io] INFO  c.h.c.infrastructure.CommandExecutor -   exit: 0 (stdout=54 stderr=0)
2026-06-17 23:57:53.298 [hcc-io] INFO  c.h.c.services.HealthCheckService - snapshot: primary action = START_STACK
2026-06-17 23:57:53.298 [hcc-io] INFO  c.h.c.infrastructure.CommandExecutor - exec: List tmux sessions
2026-06-17 23:57:53.405 [hcc-io] INFO  c.h.c.infrastructure.CommandExecutor -   exit: 0 (stdout=54 stderr=0)
2026-06-17 23:57:53.405 [hcc-io] INFO  c.h.c.infrastructure.CommandExecutor - exec: Ubuntu version (uname)
2026-06-17 23:57:53.515 [hcc-io] INFO  c.h.c.infrastructure.CommandExecutor -   exit: 0 (stdout=140 stderr=0)
2026-06-17 23:57:53.516 [hcc-io] INFO  c.h.c.infrastructure.CommandExecutor - exec: List tmux sessions
2026-06-17 23:57:53.620 [hcc-io] INFO  c.h.c.infrastructure.CommandExecutor -   exit: 0 (stdout=54 stderr=0)
2026-06-17 23:57:53.621 [hcc-io] INFO  c.h.c.infrastructure.CommandExecutor - exec: Start Engram HTTP server (engram-start.sh)
2026-06-17 23:57:54.353 [hcc-io] INFO  c.h.c.infrastructure.CommandExecutor -   exit: 1 (stdout=0 stderr=103)
2026-06-17 23:57:54.353 [hcc-io] INFO  c.h.c.infrastructure.CommandExecutor - exec: Start Hermes stack (hermes-start.sh)
2026-06-17 23:58:14.359 [hcc-io] INFO  c.h.c.infrastructure.CommandExecutor - exec: List tmux sessions
2026-06-17 23:58:14.496 [hcc-io] INFO  c.h.c.infrastructure.CommandExecutor -   exit: 0 (stdout=54 stderr=0)
2026-06-17 23:58:14.496 [hcc-io] INFO  c.h.c.infrastructure.CommandExecutor - exec: List tmux sessions
2026-06-17 23:58:14.636 [hcc-io] INFO  c.h.c.infrastructure.CommandExecutor -   exit: 0 (stdout=54 stderr=0)
2026-06-17 23:58:14.636 [hcc-io] INFO  c.h.c.infrastructure.CommandExecutor - exec: Attach to existing tmux session 'hermes'
2026-06-17 23:58:14.640 [hcc-io] INFO  c.h.c.services.HealthCheckService - snapshot: probing all services
2026-06-17 23:58:14.640 [hcc-io] INFO  c.h.c.infrastructure.CommandExecutor - exec: List tmux sessions
2026-06-17 23:58:14.787 [hcc-io] INFO  c.h.c.infrastructure.CommandExecutor -   exit: 0 (stdout=54 stderr=0)
2026-06-17 23:58:14.788 [hcc-io] INFO  c.h.c.infrastructure.CommandExecutor - exec: List tmux sessions
2026-06-17 23:58:14.995 [hcc-io] INFO  c.h.c.infrastructure.CommandExecutor -   exit: 0 (stdout=54 stderr=0)
2026-06-17 23:58:14.995 [hcc-io] INFO  c.h.c.infrastructure.CommandExecutor - exec: Start Hermes stack (hermes-start.sh)
2026-06-17 23:58:35.002 [hcc-io] INFO  c.h.c.infrastructure.CommandExecutor - exec: Start Engram HTTP server (engram-start.sh)
2026-06-17 23:58:35.770 [hcc-io] INFO  c.h.c.infrastructure.CommandExecutor -   exit: 1 (stdout=0 stderr=103)
2026-06-17 23:58:35.770 [hcc-io] INFO  c.h.c.infrastructure.CommandExecutor - exec: Probe opencode version
2026-06-17 23:58:35.773 [hcc-io] ERROR c.h.c.infrastructure.CommandExecutor -   failed: Cannot run program "opencode": CreateProcess error=2, El sistema no puede encontrar el archivo especificado
2026-06-17 23:58:35.774 [hcc-io] INFO  c.h.c.infrastructure.CommandExecutor - exec: List tmux sessions
2026-06-17 23:58:35.889 [hcc-io] INFO  c.h.c.infrastructure.CommandExecutor -   exit: 0 (stdout=54 stderr=0)
2026-06-17 23:58:35.889 [hcc-io] INFO  c.h.c.services.HealthCheckService - snapshot: primary action = START_STACK
2026-06-17 23:58:35.889 [hcc-io] INFO  c.h.c.infrastructure.CommandExecutor - exec: List tmux sessions
2026-06-17 23:58:36.002 [hcc-io] INFO  c.h.c.infrastructure.CommandExecutor -   exit: 0 (stdout=54 stderr=0)
2026-06-17 23:58:36.002 [hcc-io] INFO  c.h.c.infrastructure.CommandExecutor - exec: Ubuntu version (uname)
2026-06-17 23:58:36.130 [hcc-io] INFO  c.h.c.infrastructure.CommandExecutor -   exit: 0 (stdout=140 stderr=0)
2026-06-17 23:58:36.130 [hcc-io] INFO  c.h.c.infrastructure.CommandExecutor - exec: List tmux sessions
2026-06-17 23:58:36.244 [hcc-io] INFO  c.h.c.infrastructure.CommandExecutor -   exit: 0 (stdout=54 stderr=0)
2026-06-17 23:58:36.245 [hcc-io] INFO  c.h.c.infrastructure.CommandExecutor - exec: Start Engram HTTP server (engram-start.sh)
2026-06-17 23:58:36.964 [hcc-io] INFO  c.h.c.infrastructure.CommandExecutor -   exit: 1 (stdout=0 stderr=103)
2026-06-17 23:58:36.965 [hcc-io] INFO  c.h.c.infrastructure.CommandExecutor - exec: Start Hermes stack (hermes-start.sh)
2026-06-17 23:58:56.977 [hcc-io] INFO  c.h.c.infrastructure.CommandExecutor - exec: List tmux sessions
2026-06-17 23:58:57.084 [hcc-io] INFO  c.h.c.infrastructure.CommandExecutor -   exit: 0 (stdout=54 stderr=0)
2026-06-17 23:58:57.084 [hcc-io] INFO  c.h.c.infrastructure.CommandExecutor - exec: List tmux sessions
2026-06-17 23:58:57.202 [hcc-io] INFO  c.h.c.infrastructure.CommandExecutor -   exit: 0 (stdout=54 stderr=0)
2026-06-17 23:58:57.203 [hcc-io] INFO  c.h.c.infrastructure.CommandExecutor - exec: Attach to existing tmux session 'hermes'
2026-06-17 23:58:57.207 [hcc-io] INFO  c.h.c.services.HealthCheckService - snapshot: probing all services
2026-06-17 23:58:57.207 [hcc-io] INFO  c.h.c.infrastructure.CommandExecutor - exec: List tmux sessions
2026-06-17 23:58:57.343 [hcc-io] INFO  c.h.c.infrastructure.CommandExecutor -   exit: 0 (stdout=54 stderr=0)
2026-06-17 23:58:57.343 [hcc-io] INFO  c.h.c.infrastructure.CommandExecutor - exec: List tmux sessions
2026-06-17 23:58:57.460 [hcc-io] INFO  c.h.c.infrastructure.CommandExecutor -   exit: 0 (stdout=54 stderr=0)
2026-06-17 23:58:57.460 [hcc-io] INFO  c.h.c.infrastructure.CommandExecutor - exec: Start Hermes stack (hermes-start.sh)
2026-06-17 23:59:17.466 [hcc-io] INFO  c.h.c.infrastructure.CommandExecutor - exec: Start Engram HTTP server (engram-start.sh)
2026-06-17 23:59:18.207 [hcc-io] INFO  c.h.c.infrastructure.CommandExecutor -   exit: 1 (stdout=0 stderr=103)
2026-06-17 23:59:18.208 [hcc-io] INFO  c.h.c.infrastructure.CommandExecutor - exec: Probe opencode version
2026-06-17 23:59:18.210 [hcc-io] ERROR c.h.c.infrastructure.CommandExecutor -   failed: Cannot run program "opencode": CreateProcess error=2, El sistema no puede encontrar el archivo especificado
2026-06-17 23:59:18.210 [hcc-io] INFO  c.h.c.infrastructure.CommandExecutor - exec: List tmux sessions
2026-06-17 23:59:18.324 [hcc-io] INFO  c.h.c.infrastructure.CommandExecutor -   exit: 0 (stdout=54 stderr=0)
2026-06-17 23:59:18.325 [hcc-io] INFO  c.h.c.services.HealthCheckService - snapshot: primary action = START_STACK
2026-06-17 23:59:18.325 [hcc-io] INFO  c.h.c.infrastructure.CommandExecutor - exec: List tmux sessions
2026-06-17 23:59:18.435 [hcc-io] INFO  c.h.c.infrastructure.CommandExecutor -   exit: 0 (stdout=54 stderr=0)
2026-06-17 23:59:18.435 [hcc-io] INFO  c.h.c.infrastructure.CommandExecutor - exec: Ubuntu version (uname)
2026-06-17 23:59:18.547 [hcc-io] INFO  c.h.c.infrastructure.CommandExecutor -   exit: 0 (stdout=140 stderr=0)
2026-06-17 23:59:18.547 [hcc-io] INFO  c.h.c.infrastructure.CommandExecutor - exec: List tmux sessions
2026-06-17 23:59:18.663 [hcc-io] INFO  c.h.c.infrastructure.CommandExecutor -   exit: 0 (stdout=54 stderr=0)
2026-06-17 23:59:18.663 [hcc-io] INFO  c.h.c.infrastructure.CommandExecutor - exec: Start Engram HTTP server (engram-start.sh)
2026-06-17 23:59:19.400 [hcc-io] INFO  c.h.c.infrastructure.CommandExecutor -   exit: 1 (stdout=0 stderr=103)
2026-06-17 23:59:19.400 [hcc-io] INFO  c.h.c.infrastructure.CommandExecutor - exec: Start Hermes stack (hermes-start.sh)
2026-06-17 23:59:39.406 [hcc-io] INFO  c.h.c.infrastructure.CommandExecutor - exec: List tmux sessions
2026-06-17 23:59:39.514 [hcc-io] INFO  c.h.c.infrastructure.CommandExecutor -   exit: 0 (stdout=54 stderr=0)
2026-06-17 23:59:39.514 [hcc-io] INFO  c.h.c.infrastructure.CommandExecutor - exec: List tmux sessions
2026-06-17 23:59:39.621 [hcc-io] INFO  c.h.c.infrastructure.CommandExecutor -   exit: 0 (stdout=54 stderr=0)
2026-06-17 23:59:39.621 [hcc-io] INFO  c.h.c.infrastructure.CommandExecutor - exec: Attach to existing tmux session 'hermes'
2026-06-17 23:59:39.625 [hcc-io] INFO  c.h.c.services.HealthCheckService - snapshot: probing all services
2026-06-17 23:59:39.625 [hcc-io] INFO  c.h.c.infrastructure.CommandExecutor - exec: List tmux sessions
2026-06-17 23:59:39.757 [hcc-io] INFO  c.h.c.infrastructure.CommandExecutor -   exit: 0 (stdout=54 stderr=0)
2026-06-17 23:59:39.757 [hcc-io] INFO  c.h.c.infrastructure.CommandExecutor - exec: List tmux sessions
2026-06-17 23:59:39.870 [hcc-io] INFO  c.h.c.infrastructure.CommandExecutor -   exit: 0 (stdout=54 stderr=0)
2026-06-17 23:59:39.871 [hcc-io] INFO  c.h.c.infrastructure.CommandExecutor - exec: Start Hermes stack (hermes-start.sh)
2026-06-17 23:59:59.878 [hcc-io] INFO  c.h.c.infrastructure.CommandExecutor - exec: Start Engram HTTP server (engram-start.sh)
2026-06-18 00:00:00.714 [hcc-io] INFO  c.h.c.infrastructure.CommandExecutor -   exit: 1 (stdout=0 stderr=103)
2026-06-18 00:00:00.714 [hcc-io] INFO  c.h.c.infrastructure.CommandExecutor - exec: Probe opencode version
2026-06-18 00:00:00.718 [hcc-io] ERROR c.h.c.infrastructure.CommandExecutor -   failed: Cannot run program "opencode": CreateProcess error=2, El sistema no puede encontrar el archivo especificado
2026-06-18 00:00:00.718 [hcc-io] INFO  c.h.c.infrastructure.CommandExecutor - exec: List tmux sessions
2026-06-18 00:00:00.833 [hcc-io] INFO  c.h.c.infrastructure.CommandExecutor -   exit: 0 (stdout=54 stderr=0)
2026-06-18 00:00:00.833 [hcc-io] INFO  c.h.c.services.HealthCheckService - snapshot: primary action = START_STACK
2026-06-18 00:00:00.833 [hcc-io] INFO  c.h.c.infrastructure.CommandExecutor - exec: List tmux sessions
2026-06-18 00:00:00.956 [hcc-io] INFO  c.h.c.infrastructure.CommandExecutor -   exit: 0 (stdout=54 stderr=0)
2026-06-18 00:00:00.957 [hcc-io] INFO  c.h.c.infrastructure.CommandExecutor - exec: Ubuntu version (uname)
2026-06-18 00:00:01.107 [hcc-io] INFO  c.h.c.infrastructure.CommandExecutor -   exit: 0 (stdout=140 stderr=0)
2026-06-18 00:00:01.107 [hcc-io] INFO  c.h.c.infrastructure.CommandExecutor - exec: List tmux sessions
2026-06-18 00:00:01.228 [hcc-io] INFO  c.h.c.infrastructure.CommandExecutor -   exit: 0 (stdout=54 stderr=0)
2026-06-18 00:00:01.228 [hcc-io] INFO  c.h.c.infrastructure.CommandExecutor - exec: Start Engram HTTP server (engram-start.sh)
2026-06-18 00:00:02.050 [hcc-io] INFO  c.h.c.infrastructure.CommandExecutor -   exit: 1 (stdout=0 stderr=103)
2026-06-18 00:00:02.051 [hcc-io] INFO  c.h.c.infrastructure.CommandExecutor - exec: Start Hermes stack (hermes-start.sh)
2026-06-18 00:00:22.059 [hcc-io] INFO  c.h.c.infrastructure.CommandExecutor - exec: List tmux sessions
2026-06-18 00:00:22.177 [hcc-io] INFO  c.h.c.infrastructure.CommandExecutor -   exit: 0 (stdout=54 stderr=0)
2026-06-18 00:00:22.177 [hcc-io] INFO  c.h.c.infrastructure.CommandExecutor - exec: List tmux sessions
2026-06-18 00:00:22.287 [hcc-io] INFO  c.h.c.infrastructure.CommandExecutor -   exit: 0 (stdout=54 stderr=0)
2026-06-18 00:00:22.287 [hcc-io] INFO  c.h.c.infrastructure.CommandExecutor - exec: Attach to existing tmux session 'hermes'
2026-06-18 00:00:22.298 [hcc-io] INFO  c.h.c.services.HealthCheckService - snapshot: probing all services
2026-06-18 00:00:22.298 [hcc-io] INFO  c.h.c.infrastructure.CommandExecutor - exec: List tmux sessions
2026-06-18 00:00:22.438 [hcc-io] INFO  c.h.c.infrastructure.CommandExecutor -   exit: 0 (stdout=54 stderr=0)
2026-06-18 00:00:22.438 [hcc-io] INFO  c.h.c.infrastructure.CommandExecutor - exec: List tmux sessions
2026-06-18 00:00:22.556 [hcc-io] INFO  c.h.c.infrastructure.CommandExecutor -   exit: 0 (stdout=54 stderr=0)
2026-06-18 00:00:22.556 [hcc-io] INFO  c.h.c.infrastructure.CommandExecutor - exec: Start Hermes stack (hermes-start.sh)
2026-06-18 00:00:42.563 [hcc-io] INFO  c.h.c.infrastructure.CommandExecutor - exec: Start Engram HTTP server (engram-start.sh)
2026-06-18 00:00:43.318 [hcc-io] INFO  c.h.c.infrastructure.CommandExecutor -   exit: 1 (stdout=0 stderr=103)
2026-06-18 00:00:43.318 [hcc-io] INFO  c.h.c.infrastructure.CommandExecutor - exec: Probe opencode version
2026-06-18 00:00:43.320 [hcc-io] ERROR c.h.c.infrastructure.CommandExecutor -   failed: Cannot run program "opencode": CreateProcess error=2, El sistema no puede encontrar el archivo especificado
2026-06-18 00:00:43.320 [hcc-io] INFO  c.h.c.infrastructure.CommandExecutor - exec: List tmux sessions
2026-06-18 00:00:43.434 [hcc-io] INFO  c.h.c.infrastructure.CommandExecutor -   exit: 0 (stdout=54 stderr=0)
2026-06-18 00:00:43.434 [hcc-io] INFO  c.h.c.services.HealthCheckService - snapshot: primary action = START_STACK
2026-06-18 00:00:43.434 [hcc-io] INFO  c.h.c.infrastructure.CommandExecutor - exec: List tmux sessions
2026-06-18 00:00:43.556 [hcc-io] INFO  c.h.c.infrastructure.CommandExecutor -   exit: 0 (stdout=54 stderr=0)
2026-06-18 00:00:43.556 [hcc-io] INFO  c.h.c.infrastructure.CommandExecutor - exec: Ubuntu version (uname)
2026-06-18 00:00:43.678 [hcc-io] INFO  c.h.c.infrastructure.CommandExecutor -   exit: 0 (stdout=140 stderr=0)
2026-06-18 00:00:43.678 [hcc-io] INFO  c.h.c.infrastructure.CommandExecutor - exec: List tmux sessions
2026-06-18 00:00:43.801 [hcc-io] INFO  c.h.c.infrastructure.CommandExecutor -   exit: 0 (stdout=54 stderr=0)
2026-06-18 00:00:43.801 [hcc-io] INFO  c.h.c.infrastructure.CommandExecutor - exec: Start Engram HTTP server (engram-start.sh)
2026-06-18 00:00:44.749 [hcc-io] INFO  c.h.c.infrastructure.CommandExecutor -   exit: 1 (stdout=0 stderr=103)
2026-06-18 00:00:44.750 [hcc-io] INFO  c.h.c.infrastructure.CommandExecutor - exec: Start Hermes stack (hermes-start.sh)
2026-06-18 00:01:04.757 [hcc-io] INFO  c.h.c.infrastructure.CommandExecutor - exec: List tmux sessions
2026-06-18 00:01:04.885 [hcc-io] INFO  c.h.c.infrastructure.CommandExecutor -   exit: 0 (stdout=54 stderr=0)
2026-06-18 00:01:04.886 [hcc-io] INFO  c.h.c.infrastructure.CommandExecutor - exec: List tmux sessions
2026-06-18 00:01:05.007 [hcc-io] INFO  c.h.c.infrastructure.CommandExecutor -   exit: 0 (stdout=54 stderr=0)
2026-06-18 00:01:05.007 [hcc-io] INFO  c.h.c.infrastructure.CommandExecutor - exec: Attach to existing tmux session 'hermes'
2026-06-18 00:01:05.012 [hcc-io] INFO  c.h.c.services.HealthCheckService - snapshot: probing all services
2026-06-18 00:01:05.012 [hcc-io] INFO  c.h.c.infrastructure.CommandExecutor - exec: List tmux sessions
2026-06-18 00:01:05.157 [hcc-io] INFO  c.h.c.infrastructure.CommandExecutor -   exit: 0 (stdout=54 stderr=0)
2026-06-18 00:01:05.157 [hcc-io] INFO  c.h.c.infrastructure.CommandExecutor - exec: List tmux sessions
2026-06-18 00:01:05.263 [hcc-io] INFO  c.h.c.infrastructure.CommandExecutor -   exit: 0 (stdout=54 stderr=0)
2026-06-18 00:01:05.263 [hcc-io] INFO  c.h.c.infrastructure.CommandExecutor - exec: Start Hermes stack (hermes-start.sh)
2026-06-18 00:01:25.278 [hcc-io] INFO  c.h.c.infrastructure.CommandExecutor - exec: Start Engram HTTP server (engram-start.sh)
2026-06-18 00:01:26.023 [hcc-io] INFO  c.h.c.infrastructure.CommandExecutor -   exit: 1 (stdout=0 stderr=103)
2026-06-18 00:01:26.023 [hcc-io] INFO  c.h.c.infrastructure.CommandExecutor - exec: Probe opencode version
2026-06-18 00:01:26.029 [hcc-io] ERROR c.h.c.infrastructure.CommandExecutor -   failed: Cannot run program "opencode": CreateProcess error=2, El sistema no puede encontrar el archivo especificado
2026-06-18 00:01:26.029 [hcc-io] INFO  c.h.c.infrastructure.CommandExecutor - exec: List tmux sessions
2026-06-18 00:01:26.133 [hcc-io] INFO  c.h.c.infrastructure.CommandExecutor -   exit: 0 (stdout=54 stderr=0)
2026-06-18 00:01:26.133 [hcc-io] INFO  c.h.c.services.HealthCheckService - snapshot: primary action = START_STACK
2026-06-18 00:01:26.133 [hcc-io] INFO  c.h.c.infrastructure.CommandExecutor - exec: Ubuntu version (uname)
2026-06-18 00:01:26.243 [hcc-io] INFO  c.h.c.infrastructure.CommandExecutor -   exit: 0 (stdout=140 stderr=0)
2026-06-18 00:01:26.243 [hcc-io] INFO  c.h.c.infrastructure.CommandExecutor - exec: List tmux sessions
2026-06-18 00:01:26.363 [hcc-io] INFO  c.h.c.infrastructure.CommandExecutor -   exit: 0 (stdout=54 stderr=0)
2026-06-18 00:01:26.363 [hcc-io] INFO  c.h.c.infrastructure.CommandExecutor - exec: Probe git version
2026-06-18 00:01:26.482 [hcc-io] INFO  c.h.c.infrastructure.CommandExecutor -   exit: 0 (stdout=20 stderr=0)
2026-06-18 00:01:26.482 [hcc-io] INFO  c.h.c.infrastructure.CommandExecutor - exec: Probe bat version
2026-06-18 00:01:26.733 [hcc-io] INFO  c.h.c.infrastructure.CommandExecutor -   exit: 0 (stdout=11 stderr=0)
2026-06-18 00:01:26.733 [hcc-io] INFO  c.h.c.infrastructure.CommandExecutor - exec: Probe batcat version
2026-06-18 00:01:26.860 [hcc-io] INFO  c.h.c.infrastructure.CommandExecutor -   exit: 0 (stdout=12 stderr=0)
2026-06-18 00:01:26.860 [hcc-io] INFO  c.h.c.infrastructure.CommandExecutor - exec: Probe eza version
2026-06-18 00:01:26.974 [hcc-io] INFO  c.h.c.infrastructure.CommandExecutor -   exit: 0 (stdout=101 stderr=0)
2026-06-18 00:01:26.974 [hcc-io] INFO  c.h.c.infrastructure.CommandExecutor - exec: Probe btop version
2026-06-18 00:01:27.104 [hcc-io] INFO  c.h.c.infrastructure.CommandExecutor -   exit: 0 (stdout=21 stderr=0)
2026-06-18 00:01:27.104 [hcc-io] INFO  c.h.c.infrastructure.CommandExecutor - exec: Probe lazygit version
2026-06-18 00:01:27.813 [hcc-io] INFO  c.h.c.infrastructure.CommandExecutor -   exit: 0 (stdout=168 stderr=0)
2026-06-18 00:01:27.813 [hcc-io] INFO  c.h.c.infrastructure.CommandExecutor - exec: Probe zoxide version
2026-06-18 00:01:27.941 [hcc-io] INFO  c.h.c.infrastructure.CommandExecutor -   exit: 0 (stdout=14 stderr=0)
2026-06-18 00:01:27.941 [hcc-io] INFO  c.h.c.infrastructure.CommandExecutor - exec: Probe oh-my-posh version
2026-06-18 00:01:28.073 [hcc-io] INFO  c.h.c.infrastructure.CommandExecutor -   exit: 0 (stdout=9 stderr=0)
2026-06-18 00:01:28.073 [hcc-io] INFO  c.h.c.services.HealthCheckService - snapshot: probing all services
2026-06-18 00:01:28.073 [hcc-io] INFO  c.h.c.infrastructure.CommandExecutor - exec: List tmux sessions
2026-06-18 00:01:28.209 [hcc-io] INFO  c.h.c.infrastructure.CommandExecutor -   exit: 0 (stdout=54 stderr=0)
2026-06-18 00:01:28.209 [hcc-io] INFO  c.h.c.infrastructure.CommandExecutor - exec: List tmux sessions
2026-06-18 00:01:28.323 [hcc-io] INFO  c.h.c.infrastructure.CommandExecutor -   exit: 0 (stdout=54 stderr=0)
2026-06-18 00:01:28.323 [hcc-io] INFO  c.h.c.infrastructure.CommandExecutor - exec: Start Hermes stack (hermes-start.sh)
2026-06-18 00:01:48.343 [hcc-io] INFO  c.h.c.infrastructure.CommandExecutor - exec: Start Engram HTTP server (engram-start.sh)
2026-06-18 00:01:49.085 [hcc-io] INFO  c.h.c.infrastructure.CommandExecutor -   exit: 1 (stdout=0 stderr=103)
2026-06-18 00:01:49.085 [hcc-io] INFO  c.h.c.infrastructure.CommandExecutor - exec: Probe opencode version
2026-06-18 00:01:49.085 [hcc-io] ERROR c.h.c.infrastructure.CommandExecutor -   failed: Cannot run program "opencode": CreateProcess error=2, El sistema no puede encontrar el archivo especificado
2026-06-18 00:01:49.085 [hcc-io] INFO  c.h.c.infrastructure.CommandExecutor - exec: List tmux sessions
2026-06-18 00:01:49.195 [hcc-io] INFO  c.h.c.infrastructure.CommandExecutor -   exit: 0 (stdout=54 stderr=0)
2026-06-18 00:01:49.195 [hcc-io] INFO  c.h.c.services.HealthCheckService - snapshot: primary action = START_STACK
2026-06-18 00:01:49.195 [hcc-io] INFO  c.h.c.services.HealthCheckService - snapshot: probing all services
2026-06-18 00:01:49.195 [hcc-io] INFO  c.h.c.infrastructure.CommandExecutor - exec: List tmux sessions
2026-06-18 00:01:49.304 [hcc-io] INFO  c.h.c.infrastructure.CommandExecutor -   exit: 0 (stdout=54 stderr=0)
2026-06-18 00:01:49.304 [hcc-io] INFO  c.h.c.infrastructure.CommandExecutor - exec: List tmux sessions
2026-06-18 00:01:49.410 [hcc-io] INFO  c.h.c.infrastructure.CommandExecutor -   exit: 0 (stdout=54 stderr=0)
2026-06-18 00:01:49.410 [hcc-io] INFO  c.h.c.infrastructure.CommandExecutor - exec: Start Hermes stack (hermes-start.sh)
2026-06-18 00:02:09.426 [hcc-io] INFO  c.h.c.infrastructure.CommandExecutor - exec: Start Engram HTTP server (engram-start.sh)
2026-06-18 00:02:10.209 [hcc-io] INFO  c.h.c.infrastructure.CommandExecutor -   exit: 1 (stdout=0 stderr=103)
2026-06-18 00:02:10.209 [hcc-io] INFO  c.h.c.infrastructure.CommandExecutor - exec: Probe opencode version
2026-06-18 00:02:10.209 [hcc-io] ERROR c.h.c.infrastructure.CommandExecutor -   failed: Cannot run program "opencode": CreateProcess error=2, El sistema no puede encontrar el archivo especificado
2026-06-18 00:02:10.209 [hcc-io] INFO  c.h.c.infrastructure.CommandExecutor - exec: List tmux sessions
2026-06-18 00:02:10.316 [hcc-io] INFO  c.h.c.infrastructure.CommandExecutor -   exit: 0 (stdout=54 stderr=0)
2026-06-18 00:02:10.316 [hcc-io] INFO  c.h.c.services.HealthCheckService - snapshot: primary action = START_STACK
2026-06-18 00:02:10.316 [hcc-io] INFO  c.h.c.infrastructure.CommandExecutor - exec: Ubuntu version (uname)
2026-06-18 00:02:10.426 [hcc-io] INFO  c.h.c.infrastructure.CommandExecutor -   exit: 0 (stdout=140 stderr=0)
2026-06-18 00:02:10.426 [hcc-io] INFO  c.h.c.infrastructure.CommandExecutor - exec: List tmux sessions
2026-06-18 00:02:10.542 [hcc-io] INFO  c.h.c.infrastructure.CommandExecutor -   exit: 0 (stdout=54 stderr=0)
2026-06-18 00:02:10.542 [hcc-io] INFO  c.h.c.infrastructure.CommandExecutor - exec: Probe git version
2026-06-18 00:02:10.659 [hcc-io] INFO  c.h.c.infrastructure.CommandExecutor -   exit: 0 (stdout=20 stderr=0)
2026-06-18 00:02:10.659 [hcc-io] INFO  c.h.c.infrastructure.CommandExecutor - exec: Probe bat version
2026-06-18 00:02:10.936 [hcc-io] INFO  c.h.c.infrastructure.CommandExecutor -   exit: 0 (stdout=11 stderr=0)
2026-06-18 00:02:10.936 [hcc-io] INFO  c.h.c.infrastructure.CommandExecutor - exec: Probe batcat version
2026-06-18 00:02:11.057 [hcc-io] INFO  c.h.c.infrastructure.CommandExecutor -   exit: 0 (stdout=12 stderr=0)
2026-06-18 00:02:11.058 [hcc-io] INFO  c.h.c.infrastructure.CommandExecutor - exec: Probe eza version
2026-06-18 00:02:11.176 [hcc-io] INFO  c.h.c.infrastructure.CommandExecutor -   exit: 0 (stdout=101 stderr=0)
2026-06-18 00:02:11.176 [hcc-io] INFO  c.h.c.infrastructure.CommandExecutor - exec: Probe btop version
2026-06-18 00:02:11.302 [hcc-io] INFO  c.h.c.infrastructure.CommandExecutor -   exit: 0 (stdout=21 stderr=0)
2026-06-18 00:02:11.302 [hcc-io] INFO  c.h.c.infrastructure.CommandExecutor - exec: Probe lazygit version
2026-06-18 00:02:12.016 [hcc-io] INFO  c.h.c.infrastructure.CommandExecutor -   exit: 0 (stdout=168 stderr=0)
2026-06-18 00:02:12.016 [hcc-io] INFO  c.h.c.infrastructure.CommandExecutor - exec: Probe zoxide version
2026-06-18 00:02:12.136 [hcc-io] INFO  c.h.c.infrastructure.CommandExecutor -   exit: 0 (stdout=14 stderr=0)
2026-06-18 00:02:12.136 [hcc-io] INFO  c.h.c.infrastructure.CommandExecutor - exec: Probe oh-my-posh version
2026-06-18 00:02:12.281 [hcc-io] INFO  c.h.c.infrastructure.CommandExecutor -   exit: 0 (stdout=9 stderr=0)
2026-06-18 00:02:12.281 [hcc-io] INFO  c.h.c.services.HealthCheckService - snapshot: probing all services
2026-06-18 00:02:12.281 [hcc-io] INFO  c.h.c.infrastructure.CommandExecutor - exec: List tmux sessions
2026-06-18 00:02:12.392 [hcc-io] INFO  c.h.c.infrastructure.CommandExecutor -   exit: 0 (stdout=54 stderr=0)
2026-06-18 00:02:12.392 [hcc-io] INFO  c.h.c.infrastructure.CommandExecutor - exec: List tmux sessions
2026-06-18 00:02:12.496 [hcc-io] INFO  c.h.c.infrastructure.CommandExecutor -   exit: 0 (stdout=54 stderr=0)
2026-06-18 00:02:12.496 [hcc-io] INFO  c.h.c.infrastructure.CommandExecutor - exec: Start Hermes stack (hermes-start.sh)
2026-06-18 00:02:32.509 [hcc-io] INFO  c.h.c.infrastructure.CommandExecutor - exec: Start Engram HTTP server (engram-start.sh)
2026-06-18 00:02:33.248 [hcc-io] INFO  c.h.c.infrastructure.CommandExecutor -   exit: 1 (stdout=0 stderr=103)
2026-06-18 00:02:33.248 [hcc-io] INFO  c.h.c.infrastructure.CommandExecutor - exec: Probe opencode version
2026-06-18 00:02:33.248 [hcc-io] ERROR c.h.c.infrastructure.CommandExecutor -   failed: Cannot run program "opencode": CreateProcess error=2, El sistema no puede encontrar el archivo especificado
2026-06-18 00:02:33.248 [hcc-io] INFO  c.h.c.infrastructure.CommandExecutor - exec: List tmux sessions
2026-06-18 00:02:33.358 [hcc-io] INFO  c.h.c.infrastructure.CommandExecutor -   exit: 0 (stdout=54 stderr=0)
2026-06-18 00:02:33.358 [hcc-io] INFO  c.h.c.services.HealthCheckService - snapshot: primary action = START_STACK
2026-06-18 00:02:33.358 [hcc-io] INFO  c.h.c.services.HealthCheckService - snapshot: probing all services
2026-06-18 00:02:33.358 [hcc-io] INFO  c.h.c.infrastructure.CommandExecutor - exec: List tmux sessions
2026-06-18 00:02:33.474 [hcc-io] INFO  c.h.c.infrastructure.CommandExecutor -   exit: 0 (stdout=54 stderr=0)
2026-06-18 00:02:33.474 [hcc-io] INFO  c.h.c.infrastructure.CommandExecutor - exec: List tmux sessions
2026-06-18 00:02:33.578 [hcc-io] INFO  c.h.c.infrastructure.CommandExecutor -   exit: 0 (stdout=54 stderr=0)
2026-06-18 00:02:33.578 [hcc-io] INFO  c.h.c.infrastructure.CommandExecutor - exec: Start Hermes stack (hermes-start.sh)
2026-06-18 00:02:53.607 [hcc-io] INFO  c.h.c.infrastructure.CommandExecutor - exec: Start Engram HTTP server (engram-start.sh)
2026-06-18 00:02:54.340 [hcc-io] INFO  c.h.c.infrastructure.CommandExecutor -   exit: 1 (stdout=0 stderr=103)
2026-06-18 00:02:54.340 [hcc-io] INFO  c.h.c.infrastructure.CommandExecutor - exec: Probe opencode version
2026-06-18 00:02:54.340 [hcc-io] ERROR c.h.c.infrastructure.CommandExecutor -   failed: Cannot run program "opencode": CreateProcess error=2, El sistema no puede encontrar el archivo especificado
2026-06-18 00:02:54.340 [hcc-io] INFO  c.h.c.infrastructure.CommandExecutor - exec: List tmux sessions
2026-06-18 00:02:54.449 [hcc-io] INFO  c.h.c.infrastructure.CommandExecutor -   exit: 0 (stdout=54 stderr=0)
2026-06-18 00:02:54.449 [hcc-io] INFO  c.h.c.services.HealthCheckService - snapshot: primary action = START_STACK
2026-06-18 00:02:54.449 [hcc-io] INFO  c.h.c.infrastructure.CommandExecutor - exec: Ubuntu version (uname)
2026-06-18 00:02:54.560 [hcc-io] INFO  c.h.c.infrastructure.CommandExecutor -   exit: 0 (stdout=140 stderr=0)
2026-06-18 00:02:54.560 [hcc-io] INFO  c.h.c.infrastructure.CommandExecutor - exec: List tmux sessions
2026-06-18 00:02:54.669 [hcc-io] INFO  c.h.c.infrastructure.CommandExecutor -   exit: 0 (stdout=54 stderr=0)
2026-06-18 00:02:54.669 [hcc-io] INFO  c.h.c.infrastructure.CommandExecutor - exec: Probe git version
2026-06-18 00:02:54.790 [hcc-io] INFO  c.h.c.infrastructure.CommandExecutor -   exit: 0 (stdout=20 stderr=0)
2026-06-18 00:02:54.800 [hcc-io] INFO  c.h.c.infrastructure.CommandExecutor - exec: Probe bat version
2026-06-18 00:02:55.040 [hcc-io] INFO  c.h.c.infrastructure.CommandExecutor -   exit: 0 (stdout=11 stderr=0)
2026-06-18 00:02:55.040 [hcc-io] INFO  c.h.c.infrastructure.CommandExecutor - exec: Probe batcat version
2026-06-18 00:02:55.163 [hcc-io] INFO  c.h.c.infrastructure.CommandExecutor -   exit: 0 (stdout=12 stderr=0)
2026-06-18 00:02:55.163 [hcc-io] INFO  c.h.c.infrastructure.CommandExecutor - exec: Probe eza version
2026-06-18 00:02:55.280 [hcc-io] INFO  c.h.c.infrastructure.CommandExecutor -   exit: 0 (stdout=101 stderr=0)
2026-06-18 00:02:55.280 [hcc-io] INFO  c.h.c.infrastructure.CommandExecutor - exec: Probe btop version
2026-06-18 00:02:55.409 [hcc-io] INFO  c.h.c.infrastructure.CommandExecutor -   exit: 0 (stdout=21 stderr=0)
2026-06-18 00:02:55.409 [hcc-io] INFO  c.h.c.infrastructure.CommandExecutor - exec: Probe lazygit version
2026-06-18 00:02:56.127 [hcc-io] INFO  c.h.c.infrastructure.CommandExecutor -   exit: 0 (stdout=168 stderr=0)
2026-06-18 00:02:56.127 [hcc-io] INFO  c.h.c.infrastructure.CommandExecutor - exec: Probe zoxide version
2026-06-18 00:02:56.240 [hcc-io] INFO  c.h.c.infrastructure.CommandExecutor -   exit: 0 (stdout=14 stderr=0)
2026-06-18 00:02:56.240 [hcc-io] INFO  c.h.c.infrastructure.CommandExecutor - exec: Probe oh-my-posh version
2026-06-18 00:02:56.365 [hcc-io] INFO  c.h.c.infrastructure.CommandExecutor -   exit: 0 (stdout=9 stderr=0)
2026-06-18 00:02:56.365 [hcc-io] INFO  c.h.c.services.HealthCheckService - snapshot: probing all services
2026-06-18 00:02:56.365 [hcc-io] INFO  c.h.c.infrastructure.CommandExecutor - exec: List tmux sessions
2026-06-18 00:02:56.473 [hcc-io] INFO  c.h.c.infrastructure.CommandExecutor -   exit: 0 (stdout=54 stderr=0)
2026-06-18 00:02:56.474 [hcc-io] INFO  c.h.c.infrastructure.CommandExecutor - exec: List tmux sessions
2026-06-18 00:02:56.580 [hcc-io] INFO  c.h.c.infrastructure.CommandExecutor -   exit: 0 (stdout=54 stderr=0)
2026-06-18 00:02:56.580 [hcc-io] INFO  c.h.c.infrastructure.CommandExecutor - exec: Start Hermes stack (hermes-start.sh)
2026-06-18 00:03:16.589 [hcc-io] INFO  c.h.c.infrastructure.CommandExecutor - exec: Start Engram HTTP server (engram-start.sh)
2026-06-18 00:03:17.332 [hcc-io] INFO  c.h.c.infrastructure.CommandExecutor -   exit: 1 (stdout=0 stderr=103)
2026-06-18 00:03:17.332 [hcc-io] INFO  c.h.c.infrastructure.CommandExecutor - exec: Probe opencode version
2026-06-18 00:03:17.332 [hcc-io] ERROR c.h.c.infrastructure.CommandExecutor -   failed: Cannot run program "opencode": CreateProcess error=2, El sistema no puede encontrar el archivo especificado
2026-06-18 00:03:17.332 [hcc-io] INFO  c.h.c.infrastructure.CommandExecutor - exec: List tmux sessions
2026-06-18 00:03:17.441 [hcc-io] INFO  c.h.c.infrastructure.CommandExecutor -   exit: 0 (stdout=54 stderr=0)
2026-06-18 00:03:17.441 [hcc-io] INFO  c.h.c.services.HealthCheckService - snapshot: primary action = START_STACK
2026-06-18 00:03:17.441 [hcc-io] INFO  c.h.c.services.HealthCheckService - snapshot: probing all services
2026-06-18 00:03:17.441 [hcc-io] INFO  c.h.c.infrastructure.CommandExecutor - exec: List tmux sessions
2026-06-18 00:03:17.556 [hcc-io] INFO  c.h.c.infrastructure.CommandExecutor -   exit: 0 (stdout=54 stderr=0)
2026-06-18 00:03:17.556 [hcc-io] INFO  c.h.c.infrastructure.CommandExecutor - exec: List tmux sessions
2026-06-18 00:03:17.681 [hcc-io] INFO  c.h.c.infrastructure.CommandExecutor -   exit: 0 (stdout=54 stderr=0)
2026-06-18 00:03:17.681 [hcc-io] INFO  c.h.c.infrastructure.CommandExecutor - exec: Start Hermes stack (hermes-start.sh)
2026-06-18 00:03:37.693 [hcc-io] INFO  c.h.c.infrastructure.CommandExecutor - exec: Start Engram HTTP server (engram-start.sh)
2026-06-18 00:03:38.433 [hcc-io] INFO  c.h.c.infrastructure.CommandExecutor -   exit: 1 (stdout=0 stderr=103)
2026-06-18 00:03:38.433 [hcc-io] INFO  c.h.c.infrastructure.CommandExecutor - exec: Probe opencode version
2026-06-18 00:03:38.439 [hcc-io] ERROR c.h.c.infrastructure.CommandExecutor -   failed: Cannot run program "opencode": CreateProcess error=2, El sistema no puede encontrar el archivo especificado
2026-06-18 00:03:38.439 [hcc-io] INFO  c.h.c.infrastructure.CommandExecutor - exec: List tmux sessions
2026-06-18 00:03:38.564 [hcc-io] INFO  c.h.c.infrastructure.CommandExecutor -   exit: 0 (stdout=54 stderr=0)
2026-06-18 00:03:38.564 [hcc-io] INFO  c.h.c.services.HealthCheckService - snapshot: primary action = START_STACK
2026-06-18 00:03:38.564 [hcc-io] INFO  c.h.c.infrastructure.CommandExecutor - exec: List tmux sessions
2026-06-18 00:03:38.683 [hcc-io] INFO  c.h.c.infrastructure.CommandExecutor -   exit: 0 (stdout=54 stderr=0)
2026-06-18 00:03:38.683 [hcc-io] INFO  c.h.c.infrastructure.CommandExecutor - exec: Ubuntu version (uname)
2026-06-18 00:03:38.805 [hcc-io] INFO  c.h.c.infrastructure.CommandExecutor -   exit: 0 (stdout=140 stderr=0)
2026-06-18 00:03:38.805 [hcc-io] INFO  c.h.c.infrastructure.CommandExecutor - exec: List tmux sessions
2026-06-18 00:03:38.939 [hcc-io] INFO  c.h.c.infrastructure.CommandExecutor -   exit: 0 (stdout=54 stderr=0)
2026-06-18 00:03:38.939 [hcc-io] INFO  c.h.c.infrastructure.CommandExecutor - exec: Start Engram HTTP server (engram-start.sh)
2026-06-18 00:03:39.688 [hcc-io] INFO  c.h.c.infrastructure.CommandExecutor -   exit: 1 (stdout=0 stderr=103)
2026-06-18 00:03:39.688 [hcc-io] INFO  c.h.c.infrastructure.CommandExecutor - exec: Start Hermes stack (hermes-start.sh)
2026-06-18 00:03:59.704 [hcc-io] INFO  c.h.c.infrastructure.CommandExecutor - exec: List tmux sessions
2026-06-18 00:03:59.815 [hcc-io] INFO  c.h.c.infrastructure.CommandExecutor -   exit: 0 (stdout=54 stderr=0)
2026-06-18 00:03:59.815 [hcc-io] INFO  c.h.c.infrastructure.CommandExecutor - exec: List tmux sessions
2026-06-18 00:03:59.921 [hcc-io] INFO  c.h.c.infrastructure.CommandExecutor -   exit: 0 (stdout=54 stderr=0)
2026-06-18 00:03:59.921 [hcc-io] INFO  c.h.c.infrastructure.CommandExecutor - exec: Attach to existing tmux session 'hermes'
2026-06-18 00:14:09.273 [AWT-EventQueue-0] INFO  c.h.c.app.HermesControlCenterApp - Hermes Control Center booting
2026-06-18 00:14:09.413 [AWT-EventQueue-0] INFO  c.h.controlcenter.config.ConfigStore - No config.json found; using defaults
2026-06-18 00:14:09.433 [AWT-EventQueue-0] INFO  c.h.c.bootstrap.ApplicationContext - ApplicationContext built (9 cached services)
2026-06-18 00:14:09.895 [AWT-EventQueue-0] INFO  c.h.c.bootstrap.StartupController - StartupController: start
2026-06-18 00:14:09.903 [hcc-bootstrap] INFO  c.h.c.b.StackBootstrapService - bootstrap: starting full sequence
2026-06-18 00:14:09.913 [hcc-bootstrap] INFO  c.h.controlcenter.cache.StartupCache - startup progress: Boot (5%) Construyendo contexto de aplicaci贸n
2026-06-18 00:14:09.913 [hcc-bootstrap] INFO  c.h.c.b.StackBootstrapService - phase BOOT -> Boot: Construyendo contexto de aplicaci贸n
2026-06-18 00:14:10.044 [hcc-bootstrap] INFO  c.h.controlcenter.cache.StartupCache - startup progress: Configuraci贸n (10%) Cargando config.json
2026-06-18 00:14:10.046 [hcc-bootstrap] INFO  c.h.c.b.StackBootstrapService - phase CONFIG -> Configuraci贸n: Cargando config.json
2026-06-18 00:14:10.203 [hcc-bootstrap] INFO  c.h.controlcenter.cache.StartupCache - startup progress: Cache (15%) Calentando cache de arranque
2026-06-18 00:14:10.203 [hcc-bootstrap] INFO  c.h.c.b.StackBootstrapService - phase CACHE -> Cache: Calentando cache de arranque
2026-06-18 00:14:10.360 [hcc-bootstrap] INFO  c.h.controlcenter.cache.StartupCache - startup progress: WSL (30%) Probando WSL2 y Ubuntu 24.04
2026-06-18 00:14:10.361 [hcc-bootstrap] INFO  c.h.c.b.StackBootstrapService - phase WSL -> WSL: Probando WSL2 y Ubuntu 24.04
2026-06-18 00:14:10.363 [hcc-bootstrap] INFO  c.h.c.infrastructure.CommandExecutor - exec: List tmux sessions
2026-06-18 00:14:10.487 [hcc-bootstrap] INFO  c.h.c.infrastructure.CommandExecutor -   exit: 0 (stdout=54 stderr=0)
2026-06-18 00:14:10.643 [hcc-bootstrap] INFO  c.h.controlcenter.cache.StartupCache - startup progress: tmux (40%) Probando tmux server
2026-06-18 00:14:10.643 [hcc-bootstrap] INFO  c.h.c.b.StackBootstrapService - phase TMUX -> tmux: Probando tmux server
2026-06-18 00:14:10.644 [hcc-bootstrap] INFO  c.h.c.infrastructure.CommandExecutor - exec: List tmux sessions
2026-06-18 00:14:10.745 [hcc-bootstrap] INFO  c.h.c.infrastructure.CommandExecutor -   exit: 0 (stdout=54 stderr=0)
2026-06-18 00:14:10.910 [hcc-bootstrap] INFO  c.h.controlcenter.cache.StartupCache - startup progress: Hermes (60%) Probando Hermes Agent
2026-06-18 00:14:10.911 [hcc-bootstrap] INFO  c.h.c.b.StackBootstrapService - phase HERMES -> Hermes: Probando Hermes Agent
2026-06-18 00:14:10.911 [hcc-bootstrap] INFO  c.h.c.infrastructure.CommandExecutor - exec: Start Hermes stack (hermes-start.sh)
2026-06-18 00:14:31.092 [hcc-bootstrap] INFO  c.h.controlcenter.cache.StartupCache - startup progress: Engram (80%) Probando Engram HTTP
2026-06-18 00:14:31.092 [hcc-bootstrap] INFO  c.h.c.b.StackBootstrapService - phase ENGRAM -> Engram: Probando Engram HTTP
2026-06-18 00:14:31.093 [hcc-bootstrap] INFO  c.h.c.infrastructure.CommandExecutor - exec: Start Engram HTTP server (engram-start.sh)
2026-06-18 00:14:31.935 [hcc-bootstrap] INFO  c.h.c.infrastructure.CommandExecutor -   exit: 1 (stdout=0 stderr=103)
2026-06-18 00:14:32.091 [hcc-bootstrap] INFO  c.h.controlcenter.cache.StartupCache - startup progress: Plugins (90%) Probando plugins del shell
2026-06-18 00:14:32.091 [hcc-bootstrap] INFO  c.h.c.b.StackBootstrapService - phase PLUGINS -> Plugins: Probando plugins del shell
2026-06-18 00:14:32.091 [hcc-bootstrap] INFO  c.h.c.infrastructure.CommandExecutor - exec: Probe git version
2026-06-18 00:14:32.250 [hcc-bootstrap] INFO  c.h.c.infrastructure.CommandExecutor -   exit: 0 (stdout=20 stderr=0)
2026-06-18 00:14:32.250 [hcc-bootstrap] INFO  c.h.c.infrastructure.CommandExecutor - exec: Probe bat version
2026-06-18 00:14:32.539 [hcc-bootstrap] INFO  c.h.c.infrastructure.CommandExecutor -   exit: 0 (stdout=11 stderr=0)
2026-06-18 00:14:32.544 [hcc-bootstrap] INFO  c.h.c.infrastructure.CommandExecutor - exec: Probe batcat version
2026-06-18 00:14:32.705 [hcc-bootstrap] INFO  c.h.c.infrastructure.CommandExecutor -   exit: 0 (stdout=12 stderr=0)
2026-06-18 00:14:32.705 [hcc-bootstrap] INFO  c.h.c.infrastructure.CommandExecutor - exec: Probe eza version
2026-06-18 00:14:32.845 [hcc-bootstrap] INFO  c.h.c.infrastructure.CommandExecutor -   exit: 0 (stdout=101 stderr=0)
2026-06-18 00:14:32.845 [hcc-bootstrap] INFO  c.h.c.infrastructure.CommandExecutor - exec: Probe btop version
2026-06-18 00:14:32.975 [hcc-bootstrap] INFO  c.h.c.infrastructure.CommandExecutor -   exit: 0 (stdout=21 stderr=0)
2026-06-18 00:14:32.975 [hcc-bootstrap] INFO  c.h.c.infrastructure.CommandExecutor - exec: Probe lazygit version
2026-06-18 00:14:33.834 [hcc-bootstrap] INFO  c.h.c.infrastructure.CommandExecutor -   exit: 0 (stdout=168 stderr=0)
2026-06-18 00:14:33.834 [hcc-bootstrap] INFO  c.h.c.infrastructure.CommandExecutor - exec: Probe zoxide version
2026-06-18 00:14:33.975 [hcc-bootstrap] INFO  c.h.c.infrastructure.CommandExecutor -   exit: 0 (stdout=14 stderr=0)
2026-06-18 00:14:33.975 [hcc-bootstrap] INFO  c.h.c.infrastructure.CommandExecutor - exec: Probe oh-my-posh version
2026-06-18 00:14:34.163 [hcc-bootstrap] INFO  c.h.c.infrastructure.CommandExecutor -   exit: 0 (stdout=9 stderr=0)
2026-06-18 00:14:34.318 [hcc-bootstrap] INFO  c.h.controlcenter.cache.StartupCache - startup progress: Snapshot (95%) Construyendo snapshot del stack
2026-06-18 00:14:34.318 [hcc-bootstrap] INFO  c.h.c.b.StackBootstrapService - phase SNAPSHOT -> Snapshot: Construyendo snapshot del stack
2026-06-18 00:14:34.318 [hcc-bootstrap] INFO  c.h.c.services.HealthCheckService - snapshot: probing all services
2026-06-18 00:14:34.318 [hcc-bootstrap] INFO  c.h.c.infrastructure.CommandExecutor - exec: List tmux sessions
2026-06-18 00:14:34.425 [hcc-bootstrap] INFO  c.h.c.infrastructure.CommandExecutor -   exit: 0 (stdout=54 stderr=0)
2026-06-18 00:14:34.425 [hcc-bootstrap] INFO  c.h.c.infrastructure.CommandExecutor - exec: List tmux sessions
2026-06-18 00:14:34.526 [hcc-bootstrap] INFO  c.h.c.infrastructure.CommandExecutor -   exit: 0 (stdout=54 stderr=0)
2026-06-18 00:14:34.526 [hcc-bootstrap] INFO  c.h.c.infrastructure.CommandExecutor - exec: Start Hermes stack (hermes-start.sh)
2026-06-18 00:19:38.568 [AWT-EventQueue-0] INFO  c.h.c.app.HermesControlCenterApp - Hermes Control Center booting
2026-06-18 00:19:38.700 [AWT-EventQueue-0] INFO  c.h.controlcenter.config.ConfigStore - No config.json found; using defaults
2026-06-18 00:19:38.715 [AWT-EventQueue-0] INFO  c.h.c.bootstrap.ApplicationContext - ApplicationContext built (9 cached services)
2026-06-18 00:19:39.108 [AWT-EventQueue-0] INFO  c.h.c.bootstrap.StartupController - StartupController: start
2026-06-18 00:19:39.108 [hcc-bootstrap] INFO  c.h.c.b.StackBootstrapService - bootstrap: starting full sequence
2026-06-18 00:19:39.108 [hcc-bootstrap] INFO  c.h.controlcenter.cache.StartupCache - startup progress: Boot (5%) Construyendo contexto de aplicaci贸n
2026-06-18 00:19:39.108 [hcc-bootstrap] INFO  c.h.c.b.StackBootstrapService - phase BOOT -> Boot: Construyendo contexto de aplicaci贸n
2026-06-18 00:19:39.241 [hcc-bootstrap] INFO  c.h.controlcenter.cache.StartupCache - startup progress: Configuraci贸n (10%) Cargando config.json
2026-06-18 00:19:39.241 [hcc-bootstrap] INFO  c.h.c.b.StackBootstrapService - phase CONFIG -> Configuraci贸n: Cargando config.json
2026-06-18 00:19:39.399 [hcc-bootstrap] INFO  c.h.controlcenter.cache.StartupCache - startup progress: Cache (15%) Calentando cache de arranque
2026-06-18 00:19:39.399 [hcc-bootstrap] INFO  c.h.c.b.StackBootstrapService - phase CACHE -> Cache: Calentando cache de arranque
2026-06-18 00:19:39.558 [hcc-bootstrap] INFO  c.h.controlcenter.cache.StartupCache - startup progress: WSL (30%) Probando WSL2 y Ubuntu 24.04
2026-06-18 00:19:39.558 [hcc-bootstrap] INFO  c.h.c.b.StackBootstrapService - phase WSL -> WSL: Probando WSL2 y Ubuntu 24.04
2026-06-18 00:19:39.558 [hcc-bootstrap] INFO  c.h.c.infrastructure.CommandExecutor - exec: List tmux sessions
2026-06-18 00:19:39.660 [AWT-EventQueue-0] INFO  c.h.c.app.HermesControlCenterApp - Hermes Control Center booting
2026-06-18 00:19:39.694 [hcc-bootstrap] INFO  c.h.c.infrastructure.CommandExecutor -   exit: 0 (stdout=54 stderr=0)
2026-06-18 00:19:39.813 [AWT-EventQueue-0] INFO  c.h.controlcenter.config.ConfigStore - No config.json found; using defaults
2026-06-18 00:19:39.818 [AWT-EventQueue-0] INFO  c.h.c.bootstrap.ApplicationContext - ApplicationContext built (9 cached services)
2026-06-18 00:19:39.861 [hcc-bootstrap] INFO  c.h.controlcenter.cache.StartupCache - startup progress: tmux (40%) Probando tmux server
2026-06-18 00:19:39.861 [hcc-bootstrap] INFO  c.h.c.b.StackBootstrapService - phase TMUX -> tmux: Probando tmux server
2026-06-18 00:19:39.861 [hcc-bootstrap] INFO  c.h.c.infrastructure.CommandExecutor - exec: List tmux sessions
2026-06-18 00:19:39.978 [hcc-bootstrap] INFO  c.h.c.infrastructure.CommandExecutor -   exit: 0 (stdout=54 stderr=0)
2026-06-18 00:19:40.131 [hcc-bootstrap] INFO  c.h.controlcenter.cache.StartupCache - startup progress: Hermes (60%) Probando Hermes Agent
2026-06-18 00:19:40.131 [hcc-bootstrap] INFO  c.h.c.b.StackBootstrapService - phase HERMES -> Hermes: Probando Hermes Agent
2026-06-18 00:19:40.131 [hcc-bootstrap] INFO  c.h.c.infrastructure.CommandExecutor - exec: Start Hermes stack (hermes-start.sh)
2026-06-18 00:19:40.298 [AWT-EventQueue-0] INFO  c.h.c.bootstrap.StartupController - StartupController: start
2026-06-18 00:19:40.298 [hcc-bootstrap] INFO  c.h.c.b.StackBootstrapService - bootstrap: starting full sequence
2026-06-18 00:19:40.298 [hcc-bootstrap] INFO  c.h.controlcenter.cache.StartupCache - startup progress: Boot (5%) Construyendo contexto de aplicaci贸n
2026-06-18 00:19:40.298 [hcc-bootstrap] INFO  c.h.c.b.StackBootstrapService - phase BOOT -> Boot: Construyendo contexto de aplicaci贸n
2026-06-18 00:19:40.424 [hcc-bootstrap] INFO  c.h.controlcenter.cache.StartupCache - startup progress: Configuraci贸n (10%) Cargando config.json
2026-06-18 00:19:40.424 [hcc-bootstrap] INFO  c.h.c.b.StackBootstrapService - phase CONFIG -> Configuraci贸n: Cargando config.json
2026-06-18 00:19:40.583 [hcc-bootstrap] INFO  c.h.controlcenter.cache.StartupCache - startup progress: Cache (15%) Calentando cache de arranque
2026-06-18 00:19:40.583 [hcc-bootstrap] INFO  c.h.c.b.StackBootstrapService - phase CACHE -> Cache: Calentando cache de arranque
2026-06-18 00:19:40.742 [hcc-bootstrap] INFO  c.h.controlcenter.cache.StartupCache - startup progress: WSL (30%) Probando WSL2 y Ubuntu 24.04
2026-06-18 00:19:40.742 [hcc-bootstrap] INFO  c.h.c.b.StackBootstrapService - phase WSL -> WSL: Probando WSL2 y Ubuntu 24.04
2026-06-18 00:19:40.742 [hcc-bootstrap] INFO  c.h.c.infrastructure.CommandExecutor - exec: List tmux sessions
2026-06-18 00:19:40.858 [hcc-bootstrap] INFO  c.h.c.infrastructure.CommandExecutor -   exit: 0 (stdout=54 stderr=0)
2026-06-18 00:19:41.018 [hcc-bootstrap] INFO  c.h.controlcenter.cache.StartupCache - startup progress: tmux (40%) Probando tmux server
2026-06-18 00:19:41.018 [hcc-bootstrap] INFO  c.h.c.b.StackBootstrapService - phase TMUX -> tmux: Probando tmux server
2026-06-18 00:19:41.018 [hcc-bootstrap] INFO  c.h.c.infrastructure.CommandExecutor - exec: List tmux sessions
2026-06-18 00:19:41.140 [hcc-bootstrap] INFO  c.h.c.infrastructure.CommandExecutor -   exit: 0 (stdout=54 stderr=0)
2026-06-18 00:19:41.295 [hcc-bootstrap] INFO  c.h.controlcenter.cache.StartupCache - startup progress: Hermes (60%) Probando Hermes Agent
2026-06-18 00:19:41.295 [hcc-bootstrap] INFO  c.h.c.b.StackBootstrapService - phase HERMES -> Hermes: Probando Hermes Agent
2026-06-18 00:19:41.295 [hcc-bootstrap] INFO  c.h.c.infrastructure.CommandExecutor - exec: Start Hermes stack (hermes-start.sh)
2026-06-18 00:20:00.311 [hcc-bootstrap] INFO  c.h.controlcenter.cache.StartupCache - startup progress: Engram (80%) Probando Engram HTTP
2026-06-18 00:20:00.311 [hcc-bootstrap] INFO  c.h.c.b.StackBootstrapService - phase ENGRAM -> Engram: Probando Engram HTTP
2026-06-18 00:20:00.311 [hcc-bootstrap] INFO  c.h.c.infrastructure.CommandExecutor - exec: Start Engram HTTP server (engram-start.sh)
2026-06-18 00:20:01.239 [hcc-bootstrap] INFO  c.h.c.infrastructure.CommandExecutor -   exit: 1 (stdout=0 stderr=103)
2026-06-18 00:20:01.411 [hcc-bootstrap] INFO  c.h.controlcenter.cache.StartupCache - startup progress: Plugins (90%) Probando plugins del shell
2026-06-18 00:20:01.411 [hcc-bootstrap] INFO  c.h.c.b.StackBootstrapService - phase PLUGINS -> Plugins: Probando plugins del shell
2026-06-18 00:20:01.411 [hcc-bootstrap] INFO  c.h.c.infrastructure.CommandExecutor - exec: Probe git version
2026-06-18 00:20:01.475 [hcc-bootstrap] INFO  c.h.controlcenter.cache.StartupCache - startup progress: Engram (80%) Probando Engram HTTP
2026-06-18 00:20:01.475 [hcc-bootstrap] INFO  c.h.c.b.StackBootstrapService - phase ENGRAM -> Engram: Probando Engram HTTP
2026-06-18 00:20:01.475 [hcc-bootstrap] INFO  c.h.c.infrastructure.CommandExecutor - exec: Start Engram HTTP server (engram-start.sh)
2026-06-18 00:20:01.559 [hcc-bootstrap] INFO  c.h.c.infrastructure.CommandExecutor -   exit: 0 (stdout=20 stderr=0)
2026-06-18 00:20:01.559 [hcc-bootstrap] INFO  c.h.c.infrastructure.CommandExecutor - exec: Probe bat version
2026-06-18 00:20:01.860 [hcc-bootstrap] INFO  c.h.c.infrastructure.CommandExecutor -   exit: 0 (stdout=11 stderr=0)
2026-06-18 00:20:01.860 [hcc-bootstrap] INFO  c.h.c.infrastructure.CommandExecutor - exec: Probe batcat version
2026-06-18 00:20:02.046 [hcc-bootstrap] INFO  c.h.c.infrastructure.CommandExecutor -   exit: 0 (stdout=12 stderr=0)
2026-06-18 00:20:02.046 [hcc-bootstrap] INFO  c.h.c.infrastructure.CommandExecutor - exec: Probe eza version
2026-06-18 00:20:02.192 [hcc-bootstrap] INFO  c.h.c.infrastructure.CommandExecutor -   exit: 0 (stdout=101 stderr=0)
2026-06-18 00:20:02.192 [hcc-bootstrap] INFO  c.h.c.infrastructure.CommandExecutor - exec: Probe btop version
2026-06-18 00:20:02.334 [hcc-bootstrap] INFO  c.h.c.infrastructure.CommandExecutor -   exit: 0 (stdout=21 stderr=0)
2026-06-18 00:20:02.334 [hcc-bootstrap] INFO  c.h.c.infrastructure.CommandExecutor - exec: Probe lazygit version
2026-06-18 00:20:02.453 [hcc-bootstrap] INFO  c.h.c.infrastructure.CommandExecutor -   exit: 1 (stdout=0 stderr=103)
2026-06-18 00:20:02.605 [hcc-bootstrap] INFO  c.h.controlcenter.cache.StartupCache - startup progress: Plugins (90%) Probando plugins del shell
2026-06-18 00:20:02.605 [hcc-bootstrap] INFO  c.h.c.b.StackBootstrapService - phase PLUGINS -> Plugins: Probando plugins del shell
2026-06-18 00:20:02.605 [hcc-bootstrap] INFO  c.h.c.infrastructure.CommandExecutor - exec: Probe git version
2026-06-18 00:20:02.750 [hcc-bootstrap] INFO  c.h.c.infrastructure.CommandExecutor -   exit: 0 (stdout=20 stderr=0)
2026-06-18 00:20:02.750 [hcc-bootstrap] INFO  c.h.c.infrastructure.CommandExecutor - exec: Probe bat version
2026-06-18 00:20:02.990 [hcc-bootstrap] INFO  c.h.c.infrastructure.CommandExecutor -   exit: 0 (stdout=11 stderr=0)
2026-06-18 00:20:02.999 [hcc-bootstrap] INFO  c.h.c.infrastructure.CommandExecutor - exec: Probe batcat version
2026-06-18 00:20:03.159 [hcc-bootstrap] INFO  c.h.c.infrastructure.CommandExecutor -   exit: 0 (stdout=12 stderr=0)
2026-06-18 00:20:03.159 [hcc-bootstrap] INFO  c.h.c.infrastructure.CommandExecutor - exec: Probe eza version
2026-06-18 00:20:03.225 [hcc-bootstrap] INFO  c.h.c.infrastructure.CommandExecutor -   exit: 0 (stdout=168 stderr=0)
2026-06-18 00:20:03.230 [hcc-bootstrap] INFO  c.h.c.infrastructure.CommandExecutor - exec: Probe zoxide version
2026-06-18 00:20:03.310 [hcc-bootstrap] INFO  c.h.c.infrastructure.CommandExecutor -   exit: 0 (stdout=101 stderr=0)
2026-06-18 00:20:03.310 [hcc-bootstrap] INFO  c.h.c.infrastructure.CommandExecutor - exec: Probe btop version
2026-06-18 00:20:03.373 [hcc-bootstrap] INFO  c.h.c.infrastructure.CommandExecutor -   exit: 0 (stdout=14 stderr=0)
2026-06-18 00:20:03.373 [hcc-bootstrap] INFO  c.h.c.infrastructure.CommandExecutor - exec: Probe oh-my-posh version
2026-06-18 00:20:03.464 [hcc-bootstrap] INFO  c.h.c.infrastructure.CommandExecutor -   exit: 0 (stdout=21 stderr=0)
2026-06-18 00:20:03.467 [hcc-bootstrap] INFO  c.h.c.infrastructure.CommandExecutor - exec: Probe lazygit version
2026-06-18 00:20:03.599 [hcc-bootstrap] INFO  c.h.c.infrastructure.CommandExecutor -   exit: 0 (stdout=9 stderr=0)
2026-06-18 00:20:03.766 [hcc-bootstrap] INFO  c.h.controlcenter.cache.StartupCache - startup progress: Snapshot (95%) Construyendo snapshot del stack
2026-06-18 00:20:03.766 [hcc-bootstrap] INFO  c.h.c.b.StackBootstrapService - phase SNAPSHOT -> Snapshot: Construyendo snapshot del stack
2026-06-18 00:20:03.766 [hcc-bootstrap] INFO  c.h.c.services.HealthCheckService - snapshot: probing all services
2026-06-18 00:20:03.766 [hcc-bootstrap] INFO  c.h.c.infrastructure.CommandExecutor - exec: List tmux sessions
2026-06-18 00:20:03.880 [hcc-bootstrap] INFO  c.h.c.infrastructure.CommandExecutor -   exit: 0 (stdout=54 stderr=0)
2026-06-18 00:20:03.880 [hcc-bootstrap] INFO  c.h.c.infrastructure.CommandExecutor - exec: List tmux sessions
2026-06-18 00:20:03.989 [hcc-bootstrap] INFO  c.h.c.infrastructure.CommandExecutor -   exit: 0 (stdout=54 stderr=0)
2026-06-18 00:20:03.989 [hcc-bootstrap] INFO  c.h.c.infrastructure.CommandExecutor - exec: Start Hermes stack (hermes-start.sh)
2026-06-18 00:20:04.400 [hcc-bootstrap] INFO  c.h.c.infrastructure.CommandExecutor -   exit: 0 (stdout=168 stderr=0)
2026-06-18 00:20:04.401 [hcc-bootstrap] INFO  c.h.c.infrastructure.CommandExecutor - exec: Probe zoxide version
2026-06-18 00:20:04.570 [hcc-bootstrap] INFO  c.h.c.infrastructure.CommandExecutor -   exit: 0 (stdout=14 stderr=0)
2026-06-18 00:20:04.570 [hcc-bootstrap] INFO  c.h.c.infrastructure.CommandExecutor - exec: Probe oh-my-posh version
2026-06-18 00:20:04.730 [hcc-bootstrap] INFO  c.h.c.infrastructure.CommandExecutor -   exit: 0 (stdout=9 stderr=0)
2026-06-18 00:20:04.892 [hcc-bootstrap] INFO  c.h.controlcenter.cache.StartupCache - startup progress: Snapshot (95%) Construyendo snapshot del stack
2026-06-18 00:20:04.892 [hcc-bootstrap] INFO  c.h.c.b.StackBootstrapService - phase SNAPSHOT -> Snapshot: Construyendo snapshot del stack
2026-06-18 00:20:04.892 [hcc-bootstrap] INFO  c.h.c.services.HealthCheckService - snapshot: probing all services
2026-06-18 00:20:04.892 [hcc-bootstrap] INFO  c.h.c.infrastructure.CommandExecutor - exec: List tmux sessions
2026-06-18 00:20:05.014 [hcc-bootstrap] INFO  c.h.c.infrastructure.CommandExecutor -   exit: 0 (stdout=54 stderr=0)
2026-06-18 00:20:05.014 [hcc-bootstrap] INFO  c.h.c.infrastructure.CommandExecutor - exec: List tmux sessions
2026-06-18 00:20:05.130 [hcc-bootstrap] INFO  c.h.c.infrastructure.CommandExecutor -   exit: 0 (stdout=54 stderr=0)
2026-06-18 00:20:05.135 [hcc-bootstrap] INFO  c.h.c.infrastructure.CommandExecutor - exec: Start Hermes stack (hermes-start.sh)
2026-06-18 00:20:24.011 [hcc-bootstrap] INFO  c.h.c.infrastructure.CommandExecutor - exec: Start Engram HTTP server (engram-start.sh)
2026-06-18 00:20:24.917 [hcc-bootstrap] INFO  c.h.c.infrastructure.CommandExecutor -   exit: 1 (stdout=0 stderr=103)
2026-06-18 00:20:24.921 [hcc-bootstrap] INFO  c.h.c.infrastructure.CommandExecutor - exec: Probe opencode version
2026-06-18 00:20:24.921 [hcc-bootstrap] ERROR c.h.c.infrastructure.CommandExecutor -   failed: Cannot run program "opencode": CreateProcess error=2, El sistema no puede encontrar el archivo especificado
2026-06-18 00:20:24.921 [hcc-bootstrap] INFO  c.h.c.infrastructure.CommandExecutor - exec: List tmux sessions
2026-06-18 00:20:25.041 [hcc-bootstrap] INFO  c.h.c.infrastructure.CommandExecutor -   exit: 0 (stdout=54 stderr=0)
2026-06-18 00:20:25.045 [hcc-bootstrap] INFO  c.h.c.services.HealthCheckService - snapshot: primary action = START_STACK
2026-06-18 00:20:25.045 [hcc-bootstrap] INFO  c.h.c.infrastructure.CommandExecutor - exec: List tmux sessions
2026-06-18 00:20:25.141 [hcc-bootstrap] INFO  c.h.c.infrastructure.CommandExecutor - exec: Start Engram HTTP server (engram-start.sh)
2026-06-18 00:20:25.181 [hcc-bootstrap] INFO  c.h.c.infrastructure.CommandExecutor -   exit: 0 (stdout=54 stderr=0)
2026-06-18 00:20:25.181 [hcc-bootstrap] INFO  c.h.c.infrastructure.CommandExecutor - exec: List tmux sessions
2026-06-18 00:20:25.316 [hcc-bootstrap] INFO  c.h.c.infrastructure.CommandExecutor -   exit: 0 (stdout=54 stderr=0)
2026-06-18 00:20:25.473 [hcc-bootstrap] INFO  c.h.controlcenter.cache.StartupCache - startup progress: Listo (100%) Stack inicializado
2026-06-18 00:20:25.473 [hcc-bootstrap] INFO  c.h.c.b.StackBootstrapService - phase READY -> Listo: Stack inicializado
2026-06-18 00:20:25.473 [hcc-bootstrap] INFO  c.h.c.b.StackBootstrapService - bootstrap: done
2026-06-18 00:20:26.113 [hcc-bootstrap] INFO  c.h.c.infrastructure.CommandExecutor -   exit: 1 (stdout=0 stderr=103)
2026-06-18 00:20:26.113 [hcc-bootstrap] INFO  c.h.c.infrastructure.CommandExecutor - exec: Probe opencode version
2026-06-18 00:20:26.113 [hcc-bootstrap] ERROR c.h.c.infrastructure.CommandExecutor -   failed: Cannot run program "opencode": CreateProcess error=2, El sistema no puede encontrar el archivo especificado
2026-06-18 00:20:26.121 [hcc-bootstrap] INFO  c.h.c.infrastructure.CommandExecutor - exec: List tmux sessions
2026-06-18 00:20:26.251 [hcc-bootstrap] INFO  c.h.c.infrastructure.CommandExecutor -   exit: 0 (stdout=54 stderr=0)
2026-06-18 00:20:26.251 [hcc-bootstrap] INFO  c.h.c.services.HealthCheckService - snapshot: primary action = START_STACK
2026-06-18 00:20:26.251 [hcc-bootstrap] INFO  c.h.c.infrastructure.CommandExecutor - exec: List tmux sessions
2026-06-18 00:20:26.382 [hcc-bootstrap] INFO  c.h.c.infrastructure.CommandExecutor -   exit: 0 (stdout=54 stderr=0)
2026-06-18 00:20:26.382 [hcc-bootstrap] INFO  c.h.c.infrastructure.CommandExecutor - exec: List tmux sessions
2026-06-18 00:20:26.505 [hcc-bootstrap] INFO  c.h.c.infrastructure.CommandExecutor -   exit: 0 (stdout=54 stderr=0)
2026-06-18 00:20:26.664 [hcc-bootstrap] INFO  c.h.controlcenter.cache.StartupCache - startup progress: Listo (100%) Stack inicializado
2026-06-18 00:20:26.664 [hcc-bootstrap] INFO  c.h.c.b.StackBootstrapService - phase READY -> Listo: Stack inicializado
2026-06-18 00:20:26.664 [hcc-bootstrap] INFO  c.h.c.b.StackBootstrapService - bootstrap: done
2026-06-18 00:21:00.794 [AWT-EventQueue-0] INFO  c.h.c.controllers.HomeController - primary action: START_STACK
2026-06-18 00:21:00.794 [hcc-io] INFO  c.h.c.infrastructure.CommandExecutor - exec: Start Engram HTTP server (engram-start.sh)
2026-06-18 00:21:01.559 [hcc-io] INFO  c.h.c.infrastructure.CommandExecutor -   exit: 1 (stdout=0 stderr=103)
2026-06-18 00:21:01.564 [hcc-io] INFO  c.h.c.infrastructure.CommandExecutor - exec: Start Hermes stack (hermes-start.sh)
2026-06-18 00:21:19.959 [AWT-EventQueue-0] INFO  c.h.c.c.DiagnosticController - diagnostic refresh requested
2026-06-18 00:21:19.959 [hcc-refresh] INFO  c.h.controlcenter.cache.StartupCache - startup progress: WSL (30%) Reprobe WSL2
2026-06-18 00:21:19.959 [hcc-refresh] INFO  c.h.c.b.StackBootstrapService - phase WSL -> WSL: Reprobe WSL2
2026-06-18 00:21:19.959 [hcc-refresh] INFO  c.h.c.infrastructure.CommandExecutor - exec: List tmux sessions
2026-06-18 00:21:20.076 [hcc-refresh] INFO  c.h.c.infrastructure.CommandExecutor -   exit: 0 (stdout=54 stderr=0)
2026-06-18 00:21:20.076 [hcc-refresh] INFO  c.h.controlcenter.cache.StartupCache - startup progress: tmux (40%) Reprobe tmux
2026-06-18 00:21:20.076 [hcc-refresh] INFO  c.h.c.b.StackBootstrapService - phase TMUX -> tmux: Reprobe tmux
2026-06-18 00:21:20.076 [hcc-refresh] INFO  c.h.c.infrastructure.CommandExecutor - exec: List tmux sessions
2026-06-18 00:21:20.186 [hcc-refresh] INFO  c.h.c.infrastructure.CommandExecutor -   exit: 0 (stdout=54 stderr=0)
2026-06-18 00:21:20.186 [hcc-refresh] INFO  c.h.controlcenter.cache.StartupCache - startup progress: Hermes (60%) Reprobe Hermes
2026-06-18 00:21:20.186 [hcc-refresh] INFO  c.h.c.b.StackBootstrapService - phase HERMES -> Hermes: Reprobe Hermes
2026-06-18 00:21:20.186 [hcc-refresh] INFO  c.h.c.infrastructure.CommandExecutor - exec: Start Hermes stack (hermes-start.sh)
2026-06-18 00:21:40.208 [hcc-refresh] INFO  c.h.controlcenter.cache.StartupCache - startup progress: Engram (80%) Reprobe Engram
2026-06-18 00:21:40.208 [hcc-refresh] INFO  c.h.c.b.StackBootstrapService - phase ENGRAM -> Engram: Reprobe Engram
2026-06-18 00:21:40.208 [hcc-refresh] INFO  c.h.c.infrastructure.CommandExecutor - exec: Start Engram HTTP server (engram-start.sh)
2026-06-18 00:21:40.941 [hcc-refresh] INFO  c.h.c.infrastructure.CommandExecutor -   exit: 1 (stdout=0 stderr=103)
2026-06-18 00:21:40.941 [hcc-refresh] INFO  c.h.controlcenter.cache.StartupCache - startup progress: Plugins (90%) Reprobe plugins
2026-06-18 00:21:40.941 [hcc-refresh] INFO  c.h.c.b.StackBootstrapService - phase PLUGINS -> Plugins: Reprobe plugins
2026-06-18 00:21:40.941 [hcc-refresh] INFO  c.h.c.infrastructure.CommandExecutor - exec: Probe git version
2026-06-18 00:21:41.055 [hcc-refresh] INFO  c.h.c.infrastructure.CommandExecutor -   exit: 0 (stdout=20 stderr=0)
2026-06-18 00:21:41.055 [hcc-refresh] INFO  c.h.c.infrastructure.CommandExecutor - exec: Probe bat version
2026-06-18 00:21:41.306 [hcc-refresh] INFO  c.h.c.infrastructure.CommandExecutor -   exit: 0 (stdout=11 stderr=0)
2026-06-18 00:21:41.306 [hcc-refresh] INFO  c.h.c.infrastructure.CommandExecutor - exec: Probe batcat version
2026-06-18 00:21:41.445 [hcc-refresh] INFO  c.h.c.infrastructure.CommandExecutor -   exit: 0 (stdout=12 stderr=0)
2026-06-18 00:21:41.445 [hcc-refresh] INFO  c.h.c.infrastructure.CommandExecutor - exec: Probe eza version
2026-06-18 00:21:41.565 [hcc-refresh] INFO  c.h.c.infrastructure.CommandExecutor -   exit: 0 (stdout=101 stderr=0)
2026-06-18 00:21:41.565 [hcc-refresh] INFO  c.h.c.infrastructure.CommandExecutor - exec: Probe btop version
2026-06-18 00:21:41.685 [hcc-refresh] INFO  c.h.c.infrastructure.CommandExecutor -   exit: 0 (stdout=21 stderr=0)
2026-06-18 00:21:41.685 [hcc-refresh] INFO  c.h.c.infrastructure.CommandExecutor - exec: Probe lazygit version
2026-06-18 00:21:42.476 [hcc-refresh] INFO  c.h.c.infrastructure.CommandExecutor -   exit: 0 (stdout=168 stderr=0)
2026-06-18 00:21:42.476 [hcc-refresh] INFO  c.h.c.infrastructure.CommandExecutor - exec: Probe zoxide version
2026-06-18 00:21:42.606 [hcc-refresh] INFO  c.h.c.infrastructure.CommandExecutor -   exit: 0 (stdout=14 stderr=0)
2026-06-18 00:21:42.606 [hcc-refresh] INFO  c.h.c.infrastructure.CommandExecutor - exec: Probe oh-my-posh version
2026-06-18 00:21:42.776 [hcc-refresh] INFO  c.h.c.infrastructure.CommandExecutor -   exit: 0 (stdout=9 stderr=0)
2026-06-18 00:21:42.776 [hcc-refresh] INFO  c.h.controlcenter.cache.StartupCache - startup progress: Snapshot (95%) Actualizando snapshot
2026-06-18 00:21:42.776 [hcc-refresh] INFO  c.h.c.b.StackBootstrapService - phase SNAPSHOT -> Snapshot: Actualizando snapshot
2026-06-18 00:21:42.776 [hcc-refresh] INFO  c.h.c.services.HealthCheckService - snapshot: probing all services
2026-06-18 00:21:42.776 [hcc-refresh] INFO  c.h.c.infrastructure.CommandExecutor - exec: List tmux sessions
2026-06-18 00:21:42.885 [hcc-refresh] INFO  c.h.c.infrastructure.CommandExecutor -   exit: 0 (stdout=54 stderr=0)
2026-06-18 00:21:42.885 [hcc-refresh] INFO  c.h.c.infrastructure.CommandExecutor - exec: List tmux sessions
2026-06-18 00:21:42.999 [hcc-refresh] INFO  c.h.c.infrastructure.CommandExecutor -   exit: 0 (stdout=54 stderr=0)
2026-06-18 00:21:42.999 [hcc-refresh] INFO  c.h.c.infrastructure.CommandExecutor - exec: Start Hermes stack (hermes-start.sh)
2026-06-18 00:22:20.768 [AWT-EventQueue-0] INFO  c.h.c.app.HermesControlCenterApp - Hermes Control Center booting
2026-06-18 00:22:20.928 [AWT-EventQueue-0] INFO  c.h.controlcenter.config.ConfigStore - No config.json found; using defaults
2026-06-18 00:22:20.939 [AWT-EventQueue-0] INFO  c.h.c.bootstrap.ApplicationContext - ApplicationContext built (9 cached services)
2026-06-18 00:22:21.399 [AWT-EventQueue-0] INFO  c.h.c.bootstrap.StartupController - StartupController: start
2026-06-18 00:22:21.399 [hcc-bootstrap] INFO  c.h.c.b.StackBootstrapService - bootstrap: starting full sequence
2026-06-18 00:22:21.399 [hcc-bootstrap] INFO  c.h.controlcenter.cache.StartupCache - startup progress: Boot (5%) Construyendo contexto de aplicaci髇
2026-06-18 00:22:21.399 [hcc-bootstrap] INFO  c.h.c.b.StackBootstrapService - phase BOOT -> Boot: Construyendo contexto de aplicaci髇
2026-06-18 00:22:21.527 [hcc-bootstrap] INFO  c.h.controlcenter.cache.StartupCache - startup progress: Configuraci髇 (10%) Cargando config.json
2026-06-18 00:22:21.527 [hcc-bootstrap] INFO  c.h.c.b.StackBootstrapService - phase CONFIG -> Configuraci髇: Cargando config.json
2026-06-18 00:22:21.686 [hcc-bootstrap] INFO  c.h.controlcenter.cache.StartupCache - startup progress: Cache (15%) Calentando cache de arranque
2026-06-18 00:22:21.686 [hcc-bootstrap] INFO  c.h.c.b.StackBootstrapService - phase CACHE -> Cache: Calentando cache de arranque
2026-06-18 00:22:21.845 [hcc-bootstrap] INFO  c.h.controlcenter.cache.StartupCache - startup progress: WSL (30%) Probando WSL2 y Ubuntu 24.04
2026-06-18 00:22:21.845 [hcc-bootstrap] INFO  c.h.c.b.StackBootstrapService - phase WSL -> WSL: Probando WSL2 y Ubuntu 24.04
2026-06-18 00:22:21.848 [hcc-bootstrap] INFO  c.h.c.infrastructure.CommandExecutor - exec: List tmux sessions
2026-06-18 00:22:21.949 [hcc-bootstrap] INFO  c.h.c.infrastructure.CommandExecutor -   exit: 0 (stdout=54 stderr=0)
2026-06-18 00:22:22.116 [hcc-bootstrap] INFO  c.h.controlcenter.cache.StartupCache - startup progress: tmux (40%) Probando tmux server
2026-06-18 00:22:22.116 [hcc-bootstrap] INFO  c.h.c.b.StackBootstrapService - phase TMUX -> tmux: Probando tmux server
2026-06-18 00:22:22.116 [hcc-bootstrap] INFO  c.h.c.infrastructure.CommandExecutor - exec: List tmux sessions
2026-06-18 00:22:22.218 [hcc-bootstrap] INFO  c.h.c.infrastructure.CommandExecutor -   exit: 0 (stdout=54 stderr=0)
2026-06-18 00:22:22.375 [hcc-bootstrap] INFO  c.h.controlcenter.cache.StartupCache - startup progress: Hermes (60%) Probando Hermes Agent
2026-06-18 00:22:22.375 [hcc-bootstrap] INFO  c.h.c.b.StackBootstrapService - phase HERMES -> Hermes: Probando Hermes Agent
2026-06-18 00:22:22.375 [hcc-bootstrap] INFO  c.h.c.infrastructure.CommandExecutor - exec: Start Hermes stack (hermes-start.sh)
2026-06-18 00:22:42.546 [hcc-bootstrap] INFO  c.h.controlcenter.cache.StartupCache - startup progress: Engram (80%) Probando Engram HTTP
2026-06-18 00:22:42.546 [hcc-bootstrap] INFO  c.h.c.b.StackBootstrapService - phase ENGRAM -> Engram: Probando Engram HTTP
2026-06-18 00:22:42.546 [hcc-bootstrap] INFO  c.h.c.infrastructure.CommandExecutor - exec: Start Engram HTTP server (engram-start.sh)
2026-06-18 00:22:43.270 [hcc-bootstrap] INFO  c.h.c.infrastructure.CommandExecutor -   exit: 1 (stdout=0 stderr=103)
2026-06-18 00:22:43.429 [hcc-bootstrap] INFO  c.h.controlcenter.cache.StartupCache - startup progress: Plugins (90%) Probando plugins del shell
2026-06-18 00:22:43.429 [hcc-bootstrap] INFO  c.h.c.b.StackBootstrapService - phase PLUGINS -> Plugins: Probando plugins del shell
2026-06-18 00:22:43.429 [hcc-bootstrap] INFO  c.h.c.infrastructure.CommandExecutor - exec: Probe git version
2026-06-18 00:22:43.540 [hcc-bootstrap] INFO  c.h.c.infrastructure.CommandExecutor -   exit: 0 (stdout=20 stderr=0)
2026-06-18 00:22:43.540 [hcc-bootstrap] INFO  c.h.c.infrastructure.CommandExecutor - exec: Probe bat version
2026-06-18 00:22:43.792 [hcc-bootstrap] INFO  c.h.c.infrastructure.CommandExecutor -   exit: 0 (stdout=11 stderr=0)
2026-06-18 00:22:43.794 [hcc-bootstrap] INFO  c.h.c.infrastructure.CommandExecutor - exec: Probe batcat version
2026-06-18 00:22:43.910 [hcc-bootstrap] INFO  c.h.c.infrastructure.CommandExecutor -   exit: 0 (stdout=12 stderr=0)
2026-06-18 00:22:43.910 [hcc-bootstrap] INFO  c.h.c.infrastructure.CommandExecutor - exec: Probe eza version
2026-06-18 00:22:44.030 [hcc-bootstrap] INFO  c.h.c.infrastructure.CommandExecutor -   exit: 0 (stdout=101 stderr=0)
2026-06-18 00:22:44.032 [hcc-bootstrap] INFO  c.h.c.infrastructure.CommandExecutor - exec: Probe btop version
2026-06-18 00:22:44.150 [hcc-bootstrap] INFO  c.h.c.infrastructure.CommandExecutor -   exit: 0 (stdout=21 stderr=0)
2026-06-18 00:22:44.150 [hcc-bootstrap] INFO  c.h.c.infrastructure.CommandExecutor - exec: Probe lazygit version
2026-06-18 00:22:44.827 [hcc-bootstrap] INFO  c.h.c.infrastructure.CommandExecutor -   exit: 0 (stdout=168 stderr=0)
2026-06-18 00:22:44.827 [hcc-bootstrap] INFO  c.h.c.infrastructure.CommandExecutor - exec: Probe zoxide version
2026-06-18 00:22:44.940 [hcc-bootstrap] INFO  c.h.c.infrastructure.CommandExecutor -   exit: 0 (stdout=14 stderr=0)
2026-06-18 00:22:44.940 [hcc-bootstrap] INFO  c.h.c.infrastructure.CommandExecutor - exec: Probe oh-my-posh version
2026-06-18 00:22:45.061 [hcc-bootstrap] INFO  c.h.c.infrastructure.CommandExecutor -   exit: 0 (stdout=9 stderr=0)
2026-06-18 00:22:45.223 [hcc-bootstrap] INFO  c.h.controlcenter.cache.StartupCache - startup progress: Snapshot (95%) Construyendo snapshot del stack
2026-06-18 00:22:45.223 [hcc-bootstrap] INFO  c.h.c.b.StackBootstrapService - phase SNAPSHOT -> Snapshot: Construyendo snapshot del stack
2026-06-18 00:22:45.223 [hcc-bootstrap] INFO  c.h.c.services.HealthCheckService - snapshot: probing all services
2026-06-18 00:22:45.223 [hcc-bootstrap] INFO  c.h.c.infrastructure.CommandExecutor - exec: List tmux sessions
2026-06-18 00:22:45.320 [hcc-bootstrap] INFO  c.h.c.infrastructure.CommandExecutor -   exit: 0 (stdout=54 stderr=0)
2026-06-18 00:22:45.320 [hcc-bootstrap] INFO  c.h.c.infrastructure.CommandExecutor - exec: List tmux sessions
2026-06-18 00:22:45.420 [hcc-bootstrap] INFO  c.h.c.infrastructure.CommandExecutor -   exit: 0 (stdout=54 stderr=0)
2026-06-18 00:22:45.430 [hcc-bootstrap] INFO  c.h.c.infrastructure.CommandExecutor - exec: Start Hermes stack (hermes-start.sh)
2026-06-18 00:23:05.442 [hcc-bootstrap] INFO  c.h.c.infrastructure.CommandExecutor - exec: Start Engram HTTP server (engram-start.sh)
2026-06-18 00:23:06.205 [hcc-bootstrap] INFO  c.h.c.infrastructure.CommandExecutor -   exit: 1 (stdout=0 stderr=103)
2026-06-18 00:23:06.205 [hcc-bootstrap] INFO  c.h.c.infrastructure.CommandExecutor - exec: Probe opencode version
2026-06-18 00:23:06.205 [hcc-bootstrap] ERROR c.h.c.infrastructure.CommandExecutor -   failed: Cannot run program "opencode": CreateProcess error=2, El sistema no puede encontrar el archivo especificado
2026-06-18 00:23:06.205 [hcc-bootstrap] INFO  c.h.c.infrastructure.CommandExecutor - exec: List tmux sessions
2026-06-18 00:23:06.317 [hcc-bootstrap] INFO  c.h.c.infrastructure.CommandExecutor -   exit: 0 (stdout=54 stderr=0)
2026-06-18 00:23:06.317 [hcc-bootstrap] INFO  c.h.c.services.HealthCheckService - snapshot: primary action = START_STACK
2026-06-18 00:23:06.317 [hcc-bootstrap] INFO  c.h.c.infrastructure.CommandExecutor - exec: List tmux sessions
2026-06-18 00:23:06.442 [hcc-bootstrap] INFO  c.h.c.infrastructure.CommandExecutor -   exit: 0 (stdout=54 stderr=0)
2026-06-18 00:23:06.442 [hcc-bootstrap] INFO  c.h.c.infrastructure.CommandExecutor - exec: List tmux sessions
2026-06-18 00:23:06.556 [hcc-bootstrap] INFO  c.h.c.infrastructure.CommandExecutor -   exit: 0 (stdout=54 stderr=0)
2026-06-18 00:23:06.714 [hcc-bootstrap] INFO  c.h.controlcenter.cache.StartupCache - startup progress: Listo (100%) Stack inicializado
2026-06-18 00:23:06.714 [hcc-bootstrap] INFO  c.h.c.b.StackBootstrapService - phase READY -> Listo: Stack inicializado
2026-06-18 00:23:06.714 [hcc-bootstrap] INFO  c.h.c.b.StackBootstrapService - bootstrap: done
2026-06-18 00:23:24.936 [AWT-EventQueue-0] INFO  c.h.c.controllers.HomeController - primary action: START_STACK
2026-06-18 00:23:24.936 [hcc-io] INFO  c.h.c.infrastructure.CommandExecutor - exec: Start Engram HTTP server (engram-start.sh)
2026-06-18 00:23:25.614 [hcc-io] INFO  c.h.c.infrastructure.CommandExecutor -   exit: 1 (stdout=0 stderr=103)
2026-06-18 00:23:25.619 [hcc-io] INFO  c.h.c.infrastructure.CommandExecutor - exec: Start Hermes stack (hermes-start.sh)
